country,bloc,suppliers,skus_supplied,exposed_cogs,exposed_share,stranded_skus,stranded_cogs,mean_switch_lead_days
Mexico,North America,4,36,11821992.49,0.2724,13,9596471.99,31.7
Brazil,South America,2,23,8797316.54,0.2027,4,2729497.23,16.8
Spain,Europe,2,19,6236499.22,0.1437,2,1231347.88,16.6
Canada,North America,1,14,3719415.49,0.0857,3,1822924.41,28.4
Vietnam,Asia Pacific,1,10,3591352.96,0.0828,1,499784.78,22.6
USA,North America,1,9,2904189.82,0.0669,1,443981.16,18.9
Thailand,Asia Pacific,2,17,2645411.55,0.061,1,279645.65,17.7
Poland,Europe,1,9,2173360.61,0.0501,1,437963.3,25.8
India,Asia Pacific,1,7,1505186.29,0.0347,2,1200316.44,21.0
