week_start,sku,category,warehouse_name,region,abc_class,lane,on_hand_units,on_order_units,position_units,reorder_point,safety_stock_target,lead_days,cover_days,covers_lead_time,gap_units,gap_value,excess_units,excess_value,on_hand_value
2025-06-30,SKU-1001,Seafood,Ontario DC 1,Ontario,A,Offshore,1580,358,1938,1564,636,42,71.5,1,0,0.0,0.0,0.0,47321.0
2025-06-30,SKU-1001,Seafood,Alberta DC 2,Alberta,A,Offshore,1742,406,2148,1673,856,42,89.6,1,0,0.0,0.0,0.0,52172.9
2025-06-30,SKU-1001,Seafood,Ontario DC 3,Ontario,A,Offshore,1233,327,1560,1280,626,42,79.3,1,0,0.0,0.0,0.0,36928.35
2025-06-30,SKU-1001,Seafood,BC Interior DC 4,BC Interior,A,Offshore,1262,968,2230,1926,696,42,43.1,1,0,0.0,0.0,0.0,37796.9
2025-06-30,SKU-1001,Seafood,BC Interior DC 5,BC Interior,A,Offshore,1784,352,2136,2090,833,42,59.6,1,0,0.0,0.0,0.0,53430.8
2025-06-30,SKU-1001,Seafood,Alberta DC 6,Alberta,A,Offshore,645,453,1098,1221,734,42,55.6,1,123,3683.85,0.0,0.0,19317.75
2025-06-30,SKU-1001,Seafood,BC Lower Mainland DC 7,BC Lower Mainland,A,Offshore,954,403,1357,1769,783,42,40.6,0,412,12339.4,0.0,0.0,28572.3
2025-06-30,SKU-1001,Seafood,BC Interior DC 8,BC Interior,A,Offshore,1512,429,1941,2001,761,42,51.2,1,60,1797.0,0.0,0.0,45284.4
2025-06-30,SKU-1002,Deli,Ontario DC 1,Ontario,C,Offshore,227,150,377,1072,605,48,23.4,0,695,3252.6,0.0,0.0,1062.36
2025-06-30,SKU-1002,Deli,Alberta DC 2,Alberta,C,Offshore,1027,411,1438,1788,700,48,45.3,0,350,1638.0,0.0,0.0,4806.36
2025-06-30,SKU-1002,Deli,Ontario DC 3,Ontario,C,Offshore,426,329,755,2044,875,48,17.5,0,1289,6032.52,0.0,0.0,1993.68
2025-06-30,SKU-1002,Deli,BC Interior DC 4,BC Interior,C,Offshore,1233,369,1602,1919,719,48,49.3,1,317,1483.56,0.0,0.0,5770.44
2025-06-30,SKU-1002,Deli,BC Interior DC 5,BC Interior,C,Offshore,1422,536,1958,1921,728,48,57.3,1,0,0.0,0.0,0.0,6654.96
2025-06-30,SKU-1002,Deli,Alberta DC 6,Alberta,C,Offshore,1839,739,2578,1911,840,48,82.4,1,0,0.0,0.0,0.0,8606.52
2025-06-30,SKU-1002,Deli,BC Lower Mainland DC 7,BC Lower Mainland,C,Offshore,1681,1076,2757,2698,1019,48,48.0,1,0,0.0,0.0,0.0,7867.08
2025-06-30,SKU-1002,Deli,BC Interior DC 8,BC Interior,C,Offshore,1382,1127,2509,2091,1075,48,65.3,1,0,0.0,0.0,0.0,6467.76
2025-06-30,SKU-1003,Deli,Ontario DC 1,Ontario,A,Offshore,1301,388,1689,1498,630,30,44.9,1,0,0.0,0.0,0.0,38470.57
2025-06-30,SKU-1003,Deli,Alberta DC 2,Alberta,A,Offshore,1012,790,1802,1939,717,30,24.8,0,137,4051.09,0.0,0.0,29924.84
2025-06-30,SKU-1003,Deli,Ontario DC 3,Ontario,A,Offshore,910,359,1269,1280,648,30,43.2,1,11,325.27,0.0,0.0,26908.7
2025-06-30,SKU-1003,Deli,BC Interior DC 4,BC Interior,A,Offshore,1213,302,1515,1188,718,30,77.5,1,0,0.0,0.0,0.0,35868.41
2025-06-30,SKU-1003,Deli,BC Interior DC 5,BC Interior,A,Offshore,1282,561,1843,1864,780,30,35.5,1,21,620.97,0.0,0.0,37908.74
2025-06-30,SKU-1003,Deli,Alberta DC 6,Alberta,A,Offshore,430,349,779,1324,624,30,18.4,0,545,16115.65,0.0,0.0,12715.1
2025-06-30,SKU-1003,Deli,BC Lower Mainland DC 7,BC Lower Mainland,A,Offshore,1931,1130,3061,1574,794,30,74.3,1,0,0.0,700.0,20699.0,57099.67
2025-06-30,SKU-1004,Frozen,Ontario DC 1,Ontario,B,Offshore,1231,336,1567,1605,723,40,55.8,1,38,528.58,0.0,0.0,17123.21
2025-06-30,SKU-1004,Frozen,Alberta DC 2,Alberta,B,Offshore,1827,524,2351,1903,794,40,65.9,1,0,0.0,0.0,0.0,25413.57
2025-06-30,SKU-1004,Frozen,Ontario DC 3,Ontario,B,Offshore,963,382,1345,1606,815,40,48.7,1,261,3630.51,0.0,0.0,13395.33
2025-06-30,SKU-1004,Frozen,BC Interior DC 4,BC Interior,B,Offshore,1153,585,1738,1608,785,40,56.0,1,0,0.0,0.0,0.0,16038.23
2025-06-30,SKU-1004,Frozen,BC Interior DC 5,BC Interior,B,Offshore,867,553,1420,1219,631,40,59.0,1,0,0.0,0.0,0.0,12059.97
2025-06-30,SKU-1004,Frozen,Alberta DC 6,Alberta,B,Offshore,1273,1031,2304,1664,684,40,52.0,1,0,0.0,0.0,0.0,17707.43
2025-06-30,SKU-1004,Frozen,BC Lower Mainland DC 7,BC Lower Mainland,B,Offshore,1522,1187,2709,1938,997,40,64.7,1,0,0.0,0.0,0.0,21171.02
2025-06-30,SKU-1004,Frozen,BC Interior DC 8,BC Interior,B,Offshore,1423,613,2036,1776,932,40,67.5,1,0,0.0,0.0,0.0,19793.93
2025-06-30,SKU-1005,Fresh Meat,Ontario DC 1,Ontario,B,Offshore,445,301,746,1018,527,36,32.6,0,272,4757.28,0.0,0.0,7783.05
2025-06-30,SKU-1005,Fresh Meat,Alberta DC 2,Alberta,B,Offshore,1310,645,1955,2111,885,36,38.5,1,156,2728.44,0.0,0.0,22911.9
2025-06-30,SKU-1005,Fresh Meat,Ontario DC 3,Ontario,B,Offshore,946,220,1166,860,595,36,128.5,1,0,0.0,0.0,0.0,16545.54
2025-06-30,SKU-1005,Fresh Meat,BC Interior DC 4,BC Interior,B,Offshore,947,363,1310,901,507,36,86.5,1,0,0.0,0.0,0.0,16563.03
2025-06-30,SKU-1005,Fresh Meat,BC Interior DC 5,BC Interior,B,Offshore,689,210,899,968,540,36,58.0,1,69,1206.81,0.0,0.0,12050.61
2025-06-30,SKU-1005,Fresh Meat,Alberta DC 6,Alberta,B,Offshore,492,202,694,1819,706,36,15.9,0,1125,19676.25,0.0,0.0,8605.08
2025-06-30,SKU-1005,Fresh Meat,BC Lower Mainland DC 7,BC Lower Mainland,B,Offshore,2014,795,2809,1760,723,36,69.9,1,0,0.0,169.0,2955.81,35224.86
2025-06-30,SKU-1005,Fresh Meat,BC Interior DC 8,BC Interior,B,Offshore,353,209,562,718,520,36,64.4,1,156,2728.44,0.0,0.0,6173.97
2025-06-30,SKU-1006,Deli,Ontario DC 1,Ontario,A,Offshore,846,268,1114,1444,635,45,47.0,1,330,8477.7,0.0,0.0,21733.74
2025-06-30,SKU-1006,Deli,Alberta DC 2,Alberta,A,Offshore,883,409,1292,1540,659,45,45.1,1,248,6371.12,0.0,0.0,22684.27
2025-06-30,SKU-1006,Deli,Ontario DC 3,Ontario,A,Offshore,1359,573,1932,2114,912,45,50.9,1,182,4675.58,0.0,0.0,34912.71
2025-06-30,SKU-1006,Deli,BC Interior DC 4,BC Interior,A,Offshore,1046,404,1450,2006,793,45,38.8,0,556,14283.64,0.0,0.0,26871.74
2025-06-30,SKU-1006,Deli,BC Interior DC 5,BC Interior,A,Offshore,1499,691,2190,2676,978,45,39.7,0,486,12485.34,0.0,0.0,38509.31
2025-06-30,SKU-1006,Deli,Alberta DC 6,Alberta,A,Offshore,385,193,578,788,518,45,64.2,1,210,5394.9,0.0,0.0,9890.65
2025-06-30,SKU-1006,Deli,BC Lower Mainland DC 7,BC Lower Mainland,A,Offshore,678,391,1069,2647,886,45,17.3,0,1578,40538.82,0.0,0.0,17417.82
2025-06-30,SKU-1006,Deli,BC Interior DC 8,BC Interior,A,Offshore,1173,221,1394,1889,755,45,46.5,1,495,12716.55,0.0,0.0,30134.37
2025-06-30,SKU-1007,Seafood,Ontario DC 1,Ontario,A,Offshore,995,369,1364,1034,591,31,69.6,1,0,0.0,0.0,0.0,27869.95
2025-06-30,SKU-1007,Seafood,Alberta DC 2,Alberta,A,Offshore,859,308,1167,1266,612,31,40.7,1,99,2772.99,0.0,0.0,24060.59
2025-06-30,SKU-1007,Seafood,Ontario DC 3,Ontario,A,Offshore,409,246,655,713,506,31,61.4,1,58,1624.58,0.0,0.0,11456.09
2025-06-30,SKU-1007,Seafood,BC Interior DC 4,BC Interior,A,Offshore,1286,320,1606,1722,648,31,37.1,1,116,3249.16,0.0,0.0,36020.86
2025-06-30,SKU-1007,Seafood,BC Interior DC 5,BC Interior,A,Offshore,2081,384,2465,1657,712,31,68.3,1,0,0.0,0.0,0.0,58288.81
2025-06-30,SKU-1007,Seafood,Alberta DC 6,Alberta,A,Offshore,1534,291,1825,2040,740,31,36.6,1,215,6022.15,0.0,0.0,42967.34
2025-06-30,SKU-1007,Seafood,BC Lower Mainland DC 7,BC Lower Mainland,A,Offshore,549,266,815,1002,647,31,47.9,1,187,5237.87,0.0,0.0,15377.49
2025-06-30,SKU-1007,Seafood,BC Interior DC 8,BC Interior,A,Offshore,965,492,1457,943,580,31,82.3,1,0,0.0,42.5,1190.42,27029.65
2025-06-30,SKU-1008,Frozen,Ontario DC 1,Ontario,A,Offshore,812,260,1072,1082,556,35,54.0,1,10,236.2,0.0,0.0,19179.44
2025-06-30,SKU-1008,Frozen,Alberta DC 2,Alberta,A,Offshore,1016,524,1540,1508,746,35,46.7,1,0,0.0,0.0,0.0,23997.92
2025-06-30,SKU-1008,Frozen,Ontario DC 3,Ontario,A,Offshore,1136,500,1636,1219,562,35,60.5,1,0,0.0,0.0,0.0,26832.32
2025-06-30,SKU-1008,Frozen,BC Interior DC 4,BC Interior,A,Offshore,1830,699,2529,1946,760,35,54.0,1,0,0.0,0.0,0.0,43224.6
2025-06-30,SKU-1008,Frozen,BC Interior DC 5,BC Interior,A,Offshore,421,82,503,1177,554,35,23.6,0,674,15919.88,0.0,0.0,9944.02
2025-06-30,SKU-1008,Frozen,Alberta DC 6,Alberta,A,Offshore,1362,583,1945,1597,633,35,49.4,1,0,0.0,0.0,0.0,32170.44
2025-06-30,SKU-1008,Frozen,BC Lower Mainland DC 7,BC Lower Mainland,A,Offshore,1171,729,1900,1551,908,35,63.7,1,0,0.0,0.0,0.0,27659.02
2025-06-30,SKU-1008,Frozen,BC Interior DC 8,BC Interior,A,Offshore,688,277,965,1378,729,35,37.1,1,413,9755.06,0.0,0.0,16250.56
2025-06-30,SKU-1009,Fresh Meat,Ontario DC 1,Ontario,B,Offshore,1328,791,2119,2392,871,42,36.7,0,273,3150.42,0.0,0.0,15325.12
2025-06-30,SKU-1009,Fresh Meat,Alberta DC 2,Alberta,B,Offshore,729,354,1083,1144,636,42,60.3,1,61,703.94,0.0,0.0,8412.66
2025-06-30,SKU-1009,Fresh Meat,Ontario DC 3,Ontario,B,Offshore,1781,789,2570,2104,889,42,61.6,1,0,0.0,0.0,0.0,20552.74
2025-06-30,SKU-1009,Fresh Meat,BC Interior DC 4,BC Interior,B,Offshore,441,98,539,1197,690,42,36.6,0,658,7593.32,0.0,0.0,5089.14
2025-06-30,SKU-1009,Fresh Meat,BC Interior DC 5,BC Interior,B,Offshore,2091,639,2730,2506,799,42,51.5,1,0,0.0,0.0,0.0,24130.14
2025-06-30,SKU-1009,Fresh Meat,Alberta DC 6,Alberta,B,Offshore,2138,841,2979,2416,987,42,62.8,1,0,0.0,0.0,0.0,24672.52
2025-06-30,SKU-1009,Fresh Meat,BC Lower Mainland DC 7,BC Lower Mainland,B,Offshore,648,498,1146,1319,715,42,45.1,1,173,1996.42,0.0,0.0,7477.92
2025-06-30,SKU-1009,Fresh Meat,BC Interior DC 8,BC Interior,B,Offshore,755,289,1044,1135,561,42,55.3,1,91,1050.14,0.0,0.0,8712.7
2025-06-30,SKU-1010,Frozen,Ontario DC 1,Ontario,A,Offshore,1035,748,1783,1954,812,47,42.6,0,171,6258.6,0.0,0.0,37881.0
2025-06-30,SKU-1010,Frozen,Alberta DC 2,Alberta,A,Offshore,988,284,1272,1659,871,47,58.9,1,387,14164.2,0.0,0.0,36160.8
2025-06-30,SKU-1010,Frozen,Ontario DC 3,Ontario,A,Offshore,808,341,1149,1713,687,47,37.0,0,564,20642.4,0.0,0.0,29572.8
2025-06-30,SKU-1010,Frozen,BC Interior DC 4,BC Interior,A,Offshore,1082,763,1845,1753,800,47,53.4,1,0,0.0,0.0,0.0,39601.2
2025-06-30,SKU-1010,Frozen,BC Interior DC 5,BC Interior,A,Offshore,689,509,1198,1870,859,47,32.0,0,672,24595.2,0.0,0.0,25217.4
2025-06-30,SKU-1010,Frozen,Alberta DC 6,Alberta,A,Offshore,1621,471,2092,2617,901,47,44.4,0,525,19215.0,0.0,0.0,59328.6
2025-06-30,SKU-1010,Frozen,BC Lower Mainland DC 7,BC Lower Mainland,A,Offshore,1442,470,1912,2205,805,47,48.4,1,293,10723.8,0.0,0.0,52777.2
2025-06-30,SKU-1010,Frozen,BC Interior DC 8,BC Interior,A,Offshore,1584,283,1867,1179,773,47,183.5,1,0,0.0,98.5,3605.1,57974.4
2025-06-30,SKU-1011,Deli,Alberta DC 2,Alberta,A,Offshore,2132,1142,3274,2485,894,35,46.9,1,0,0.0,0.0,0.0,49036.0
2025-06-30,SKU-1011,Deli,Ontario DC 3,Ontario,A,Offshore,1434,299,1733,1366,692,35,74.5,1,0,0.0,0.0,0.0,32982.0
2025-06-30,SKU-1011,Deli,BC Interior DC 4,BC Interior,A,Offshore,991,308,1299,1513,710,35,43.2,1,214,4922.0,0.0,0.0,22793.0
2025-06-30,SKU-1011,Deli,BC Interior DC 5,BC Interior,A,Offshore,1368,251,1619,1514,646,35,55.2,1,0,0.0,0.0,0.0,31464.0
2025-06-30,SKU-1011,Deli,Alberta DC 6,Alberta,A,Offshore,672,484,1156,2389,822,35,15.0,0,1233,28359.0,0.0,0.0,15456.0
2025-06-30,SKU-1011,Deli,BC Lower Mainland DC 7,BC Lower Mainland,A,Offshore,1158,733,1891,1456,662,35,51.1,1,0,0.0,0.0,0.0,26634.0
2025-06-30,SKU-1011,Deli,BC Interior DC 8,BC Interior,A,Offshore,696,527,1223,1582,905,35,36.0,1,359,8257.0,0.0,0.0,16008.0
2025-06-30,SKU-1012,Deli,Ontario DC 1,Ontario,A,Nearshore,1623,799,2422,1101,576,18,55.7,1,0,0.0,770.5,29070.96,61235.79
2025-06-30,SKU-1012,Deli,Alberta DC 2,Alberta,A,Nearshore,859,271,1130,939,528,18,37.7,1,0,0.0,0.0,0.0,32410.07
2025-06-30,SKU-1012,Deli,Ontario DC 3,Ontario,A,Nearshore,442,274,716,919,509,18,19.4,1,203,7659.19,0.0,0.0,16676.66
2025-06-30,SKU-1012,Deli,BC Interior DC 4,BC Interior,A,Nearshore,968,477,1445,1142,505,18,27.4,1,0,0.0,0.0,0.0,36522.64
2025-06-30,SKU-1012,Deli,BC Interior DC 5,BC Interior,A,Nearshore,805,165,970,669,397,18,53.3,1,0,0.0,0.0,0.0,30372.65
2025-06-30,SKU-1012,Deli,Alberta DC 6,Alberta,A,Nearshore,616,264,880,998,532,18,23.8,1,118,4452.14,0.0,0.0,23241.68
2025-06-30,SKU-1012,Deli,BC Lower Mainland DC 7,BC Lower Mainland,A,Nearshore,560,434,994,989,455,18,18.9,1,0,0.0,0.0,0.0,21128.8
2025-06-30,SKU-1012,Deli,BC Interior DC 8,BC Interior,A,Nearshore,642,119,761,821,433,18,29.8,1,60,2263.8,0.0,0.0,24222.66
2025-06-30,SKU-1013,Seafood,Ontario DC 1,Ontario,C,Offshore,981,208,1189,1487,710,28,35.4,1,298,2935.3,0.0,0.0,9662.85
2025-06-30,SKU-1013,Seafood,Alberta DC 2,Alberta,C,Offshore,1137,636,1773,1190,630,28,56.9,1,0,0.0,0.0,0.0,11199.45
2025-06-30,SKU-1013,Seafood,Ontario DC 3,Ontario,C,Offshore,1208,360,1568,1636,689,28,35.7,1,68,669.8,0.0,0.0,11898.8
2025-06-30,SKU-1013,Seafood,BC Interior DC 4,BC Interior,C,Offshore,1129,342,1471,1236,579,28,48.1,1,0,0.0,0.0,0.0,11120.65
2025-06-30,SKU-1013,Seafood,BC Interior DC 5,BC Interior,C,Offshore,648,422,1070,853,563,28,62.7,1,0,0.0,0.0,0.0,6382.8
2025-06-30,SKU-1013,Seafood,Alberta DC 6,Alberta,C,Offshore,1051,296,1347,1321,671,28,45.3,1,0,0.0,0.0,0.0,10352.35
2025-06-30,SKU-1013,Seafood,BC Lower Mainland DC 7,BC Lower Mainland,C,Offshore,1037,293,1330,1540,776,28,38.0,1,210,2068.5,0.0,0.0,10214.45
2025-06-30,SKU-1013,Seafood,BC Interior DC 8,BC Interior,C,Offshore,792,354,1146,1090,523,28,39.1,1,0,0.0,0.0,0.0,7801.2
2025-06-30,SKU-1014,Frozen,Ontario DC 1,Ontario,A,Offshore,3776,1590,5366,2625,867,42,90.2,1,0,0.0,1428.5,32484.09,85866.24
2025-06-30,SKU-1014,Frozen,Alberta DC 2,Alberta,A,Offshore,650,296,946,1034,522,42,53.4,1,88,2001.12,0.0,0.0,14781.0
2025-06-30,SKU-1014,Frozen,Ontario DC 3,Ontario,A,Offshore,1343,414,1757,1878,745,42,49.8,1,121,2751.54,0.0,0.0,30539.82
2025-06-30,SKU-1014,Frozen,BC Interior DC 4,BC Interior,A,Offshore,629,418,1047,1175,689,42,54.4,1,128,2910.72,0.0,0.0,14303.46
2025-06-30,SKU-1014,Frozen,BC Interior DC 5,BC Interior,A,Offshore,1199,339,1538,1919,941,42,51.5,1,381,8663.94,0.0,0.0,27265.26
2025-06-30,SKU-1014,Frozen,Alberta DC 6,Alberta,A,Offshore,1424,504,1928,2375,1076,42,46.0,1,447,10164.78,0.0,0.0,32381.76
2025-06-30,SKU-1014,Frozen,BC Lower Mainland DC 7,BC Lower Mainland,A,Offshore,380,271,651,843,589,42,62.8,1,192,4366.08,0.0,0.0,8641.2
2025-06-30,SKU-1014,Frozen,BC Interior DC 8,BC Interior,A,Offshore,759,146,905,2038,956,42,29.5,0,1133,25764.42,0.0,0.0,17259.66
2025-06-30,SKU-1015,Frozen,Ontario DC 1,Ontario,B,Nearshore,1233,925,2158,873,487,17,54.3,1,0,0.0,848.5,11548.08,16781.13
2025-06-30,SKU-1015,Frozen,Alberta DC 2,Alberta,B,Nearshore,540,134,674,1180,603,17,15.9,0,506,6886.66,0.0,0.0,7349.4
2025-06-30,SKU-1015,Frozen,Ontario DC 3,Ontario,B,Nearshore,885,219,1104,992,543,17,33.5,1,0,0.0,0.0,0.0,12044.85
2025-06-30,SKU-1015,Frozen,BC Interior DC 4,BC Interior,B,Nearshore,271,146,417,754,420,17,13.8,0,337,4586.57,0.0,0.0,3688.31
2025-06-30,SKU-1015,Frozen,BC Interior DC 5,BC Interior,B,Nearshore,622,207,829,643,474,17,62.4,1,0,0.0,0.0,0.0,8465.42
2025-06-30,SKU-1015,Frozen,Alberta DC 6,Alberta,B,Nearshore,315,159,474,514,419,17,56.3,1,40,544.4,0.0,0.0,4287.15
2025-06-30,SKU-1015,Frozen,BC Lower Mainland DC 7,BC Lower Mainland,B,Nearshore,1371,648,2019,1104,531,17,40.7,1,0,0.0,363.0,4940.43,18659.31
2025-06-30,SKU-1015,Frozen,BC Interior DC 8,BC Interior,B,Nearshore,1294,602,1896,1380,634,17,29.5,1,0,0.0,0.0,0.0,17611.34
2025-06-30,SKU-1016,Seafood,Ontario DC 1,Ontario,C,Offshore,540,238,778,1958,936,47,24.8,0,1180,11741.0,0.0,0.0,5373.0
2025-06-30,SKU-1016,Seafood,Alberta DC 2,Alberta,C,Offshore,929,636,1565,3869,1274,47,16.8,0,2304,22924.8,0.0,0.0,9243.55
2025-06-30,SKU-1016,Seafood,Ontario DC 3,Ontario,C,Offshore,715,441,1156,1551,835,47,46.9,0,395,3930.25,0.0,0.0,7114.25
2025-06-30,SKU-1016,Seafood,BC Interior DC 4,BC Interior,C,Offshore,444,195,639,1580,682,47,23.2,0,941,9362.95,0.0,0.0,4417.8
2025-06-30,SKU-1016,Seafood,BC Interior DC 5,BC Interior,C,Offshore,787,147,934,1367,569,47,46.4,0,433,4308.35,0.0,0.0,7830.65
2025-06-30,SKU-1016,Seafood,Alberta DC 6,Alberta,C,Offshore,639,378,1017,1515,781,47,40.9,0,498,4955.1,0.0,0.0,6358.05
2025-06-30,SKU-1016,Seafood,BC Lower Mainland DC 7,BC Lower Mainland,C,Offshore,910,517,1427,1500,840,47,64.8,1,73,726.35,0.0,0.0,9054.5
2025-06-30,SKU-1016,Seafood,BC Interior DC 8,BC Interior,C,Offshore,714,240,954,2766,915,47,18.1,0,1812,18029.4,0.0,0.0,7104.3
2025-06-30,SKU-1017,Seafood,Ontario DC 1,Ontario,A,Offshore,1186,266,1452,1502,686,42,61.0,1,50,1606.5,0.0,0.0,38106.18
2025-06-30,SKU-1017,Seafood,Alberta DC 2,Alberta,A,Offshore,1356,802,2158,2167,736,42,39.8,0,9,289.17,0.0,0.0,43568.28
2025-06-30,SKU-1017,Seafood,Ontario DC 3,Ontario,A,Offshore,706,300,1006,1102,1015,42,341.4,1,96,3084.48,0.0,0.0,22683.78
2025-06-30,SKU-1017,Seafood,BC Interior DC 4,BC Interior,A,Offshore,1454,462,1916,2199,926,42,47.9,1,283,9092.79,0.0,0.0,46717.02
2025-06-30,SKU-1017,Seafood,BC Interior DC 5,BC Interior,A,Offshore,590,113,703,1923,884,42,23.9,0,1220,39198.6,0.0,0.0,18956.7
2025-06-30,SKU-1017,Seafood,Alberta DC 6,Alberta,A,Offshore,693,247,940,1221,614,42,47.9,1,281,9028.53,0.0,0.0,22266.09
2025-06-30,SKU-1017,Seafood,BC Lower Mainland DC 7,BC Lower Mainland,A,Offshore,1427,561,1988,1873,781,42,54.9,1,0,0.0,0.0,0.0,45849.51
2025-06-30,SKU-1017,Seafood,BC Interior DC 8,BC Interior,A,Offshore,788,153,941,2848,956,42,17.5,0,1907,61271.91,0.0,0.0,25318.44
2025-06-30,SKU-1018,Seafood,Ontario DC 1,Ontario,A,Offshore,1308,590,1898,1397,586,41,66.1,1,0,0.0,0.0,0.0,48147.48
2025-06-30,SKU-1018,Seafood,Alberta DC 2,Alberta,A,Offshore,574,362,936,1152,619,41,44.1,1,216,7950.96,0.0,0.0,21128.94
2025-06-30,SKU-1018,Seafood,Ontario DC 3,Ontario,A,Offshore,1310,534,1844,2434,904,41,35.1,0,590,21717.9,0.0,0.0,48221.1
2025-06-30,SKU-1018,Seafood,BC Interior DC 4,BC Interior,A,Offshore,2687,507,3194,2317,894,41,77.4,1,0,0.0,0.0,0.0,98908.47
2025-06-30,SKU-1018,Seafood,BC Interior DC 5,BC Interior,A,Offshore,1205,609,1814,1493,643,41,58.1,1,0,0.0,0.0,0.0,44356.05
2025-06-30,SKU-1018,Seafood,Alberta DC 6,Alberta,A,Offshore,1855,1496,3351,1698,690,41,75.4,1,0,0.0,804.0,29595.24,68282.55
2025-06-30,SKU-1018,Seafood,BC Lower Mainland DC 7,BC Lower Mainland,A,Offshore,761,315,1076,1726,737,41,31.5,0,650,23926.5,0.0,0.0,28012.41
2025-06-30,SKU-1018,Seafood,BC Interior DC 8,BC Interior,A,Offshore,983,249,1232,1516,679,41,48.2,1,284,10454.04,0.0,0.0,36184.23
2025-06-30,SKU-1019,Fresh Meat,Ontario DC 1,Ontario,B,Offshore,782,247,1029,1137,634,34,52.9,1,108,1529.28,0.0,0.0,11073.12
2025-06-30,SKU-1019,Fresh Meat,Alberta DC 2,Alberta,B,Offshore,978,716,1694,1253,539,34,46.6,1,0,0.0,0.0,0.0,13848.48
2025-06-30,SKU-1019,Fresh Meat,Ontario DC 3,Ontario,B,Offshore,875,280,1155,1778,758,34,29.2,0,623,8821.68,0.0,0.0,12390.0
2025-06-30,SKU-1019,Fresh Meat,BC Interior DC 4,BC Interior,B,Offshore,1750,360,2110,1381,566,34,73.0,1,0,0.0,38.5,545.16,24780.0
2025-06-30,SKU-1019,Fresh Meat,BC Interior DC 5,BC Interior,B,Offshore,2230,517,2747,1362,633,34,104.1,1,0,0.0,704.0,9968.64,31576.8
2025-06-30,SKU-1019,Fresh Meat,Alberta DC 6,Alberta,B,Offshore,1251,453,1704,1784,831,34,44.6,1,80,1132.8,0.0,0.0,17714.16
2025-06-30,SKU-1019,Fresh Meat,BC Lower Mainland DC 7,BC Lower Mainland,B,Offshore,1385,422,1807,1257,707,34,85.7,1,0,0.0,0.0,0.0,19611.6
2025-06-30,SKU-1019,Fresh Meat,BC Interior DC 8,BC Interior,B,Offshore,794,574,1368,1518,715,34,33.6,0,150,2124.0,0.0,0.0,11243.04
2025-06-30,SKU-1020,Frozen,Ontario DC 1,Ontario,B,Offshore,373,82,455,1021,589,32,27.7,0,566,11438.86,0.0,0.0,7538.33
2025-06-30,SKU-1020,Frozen,Alberta DC 2,Alberta,B,Offshore,616,464,1080,1055,545,32,38.7,1,0,0.0,0.0,0.0,12449.36
2025-06-30,SKU-1020,Frozen,Ontario DC 3,Ontario,B,Offshore,280,222,502,1101,591,32,17.6,0,599,12105.79,0.0,0.0,5658.8
2025-06-30,SKU-1020,Frozen,BC Interior DC 4,BC Interior,B,Offshore,825,577,1402,1023,548,32,55.6,1,0,0.0,0.0,0.0,16673.25
2025-06-30,SKU-1020,Frozen,BC Interior DC 5,BC Interior,B,Offshore,997,194,1191,1369,772,32,53.4,1,178,3597.38,0.0,0.0,20149.37
2025-06-30,SKU-1020,Frozen,Alberta DC 6,Alberta,B,Offshore,1314,584,1898,1735,721,32,41.5,1,0,0.0,0.0,0.0,26555.94
2025-06-30,SKU-1020,Frozen,BC Lower Mainland DC 7,BC Lower Mainland,B,Offshore,1618,1098,2716,1412,652,32,68.1,1,0,0.0,598.0,12085.58,32699.78
2025-06-30,SKU-1020,Frozen,BC Interior DC 8,BC Interior,B,Offshore,1544,629,2173,1868,695,32,42.1,1,0,0.0,0.0,0.0,31204.24
2025-06-30,SKU-1021,Seafood,Ontario DC 1,Ontario,A,Offshore,729,525,1254,1390,775,41,48.6,1,136,3202.8,0.0,0.0,17167.95
2025-06-30,SKU-1021,Seafood,Alberta DC 2,Alberta,A,Offshore,178,130,308,852,604,41,29.5,0,544,12811.2,0.0,0.0,4191.9
2025-06-30,SKU-1021,Seafood,Ontario DC 3,Ontario,A,Offshore,662,483,1145,2474,907,41,17.3,0,1329,31297.95,0.0,0.0,15590.1
2025-06-30,SKU-1021,Seafood,BC Interior DC 4,BC Interior,A,Offshore,2027,808,2835,2298,881,41,58.7,1,0,0.0,0.0,0.0,47735.85
2025-06-30,SKU-1021,Seafood,BC Interior DC 5,BC Interior,A,Offshore,1155,234,1389,1412,730,41,69.5,1,23,541.65,0.0,0.0,27200.25
2025-06-30,SKU-1021,Seafood,Alberta DC 6,Alberta,A,Offshore,1711,808,2519,1504,851,41,107.5,1,0,0.0,263.0,6193.65,40294.05
2025-06-30,SKU-1021,Seafood,BC Lower Mainland DC 7,BC Lower Mainland,A,Offshore,627,174,801,1914,832,41,23.8,0,1113,26211.15,0.0,0.0,14765.85
2025-06-30,SKU-1021,Seafood,BC Interior DC 8,BC Interior,A,Offshore,1115,424,1539,1955,769,41,38.5,0,416,9796.8,0.0,0.0,26258.25
2025-06-30,SKU-1022,Seafood,Ontario DC 1,Ontario,A,Offshore,1695,561,2256,2524,978,44,48.2,1,268,4966.04,0.0,0.0,31408.35
2025-06-30,SKU-1022,Seafood,Alberta DC 2,Alberta,A,Offshore,1464,485,1949,2195,936,44,51.2,1,246,4558.38,0.0,0.0,27127.92
2025-06-30,SKU-1022,Seafood,Ontario DC 3,Ontario,A,Offshore,859,500,1359,1788,947,44,45.0,1,429,7949.37,0.0,0.0,15917.27
2025-06-30,SKU-1022,Seafood,BC Interior DC 4,BC Interior,A,Offshore,2196,1355,3551,2816,930,44,51.2,1,0,0.0,0.0,0.0,40691.88
2025-06-30,SKU-1022,Seafood,BC Interior DC 5,BC Interior,A,Offshore,688,227,915,1055,688,44,82.6,1,140,2594.2,0.0,0.0,12748.64
2025-06-30,SKU-1022,Seafood,Alberta DC 6,Alberta,A,Offshore,1395,408,1803,2259,933,44,46.3,1,456,8449.68,0.0,0.0,25849.35
2025-06-30,SKU-1022,Seafood,BC Lower Mainland DC 7,BC Lower Mainland,A,Offshore,577,367,944,1348,749,44,42.4,0,404,7486.12,0.0,0.0,10691.81
2025-06-30,SKU-1022,Seafood,BC Interior DC 8,BC Interior,A,Offshore,1160,732,1892,1391,745,44,79.0,1,0,0.0,0.0,0.0,21494.8
2025-06-30,SKU-1023,Seafood,Ontario DC 1,Ontario,A,Offshore,555,415,970,2308,913,44,17.5,0,1338,27201.54,0.0,0.0,11283.15
2025-06-30,SKU-1023,Seafood,Alberta DC 2,Alberta,A,Offshore,1200,885,2085,1633,811,44,64.3,1,0,0.0,0.0,0.0,24396.0
2025-06-30,SKU-1023,Seafood,Ontario DC 3,Ontario,A,Offshore,444,327,771,1140,775,44,53.6,1,369,7501.77,0.0,0.0,9026.52
2025-06-30,SKU-1023,Seafood,BC Interior DC 4,BC Interior,A,Offshore,882,378,1260,1782,833,44,40.9,0,522,10612.26,0.0,0.0,17931.06
2025-06-30,SKU-1023,Seafood,BC Interior DC 5,BC Interior,A,Offshore,924,234,1158,2629,998,44,24.9,0,1471,29905.43,0.0,0.0,18784.92
2025-06-30,SKU-1023,Seafood,Alberta DC 6,Alberta,A,Offshore,823,501,1324,1348,647,44,51.7,1,24,487.92,0.0,0.0,16731.59
2025-06-30,SKU-1023,Seafood,BC Lower Mainland DC 7,BC Lower Mainland,A,Offshore,981,468,1449,1706,977,44,59.2,1,257,5224.81,0.0,0.0,19943.73
2025-06-30,SKU-1023,Seafood,BC Interior DC 8,BC Interior,A,Offshore,3508,679,4187,3184,1241,44,79.4,1,0,0.0,0.0,0.0,71317.64
2025-06-30,SKU-1024,Fresh Meat,Ontario DC 1,Ontario,A,Offshore,790,643,1433,1536,644,28,24.8,0,103,1842.67,0.0,0.0,14133.1
2025-06-30,SKU-1024,Fresh Meat,Alberta DC 2,Alberta,A,Offshore,345,157,502,1075,542,28,18.1,0,573,10250.97,0.0,0.0,6172.05
2025-06-30,SKU-1024,Fresh Meat,Ontario DC 3,Ontario,A,Offshore,1062,388,1450,1145,515,28,47.2,1,0,0.0,0.0,0.0,18999.18
2025-06-30,SKU-1024,Fresh Meat,BC Interior DC 4,BC Interior,A,Offshore,497,322,819,1474,595,28,15.8,0,655,11717.95,0.0,0.0,8891.33
2025-06-30,SKU-1024,Fresh Meat,BC Interior DC 5,BC Interior,A,Offshore,1775,417,2192,1463,575,28,56.0,1,0,0.0,0.0,0.0,31754.75
2025-06-30,SKU-1024,Fresh Meat,Alberta DC 6,Alberta,A,Offshore,981,227,1208,990,497,28,55.8,1,0,0.0,0.0,0.0,17550.09
2025-06-30,SKU-1024,Fresh Meat,BC Lower Mainland DC 7,BC Lower Mainland,A,Offshore,631,456,1087,1053,575,28,37.0,1,0,0.0,0.0,0.0,11288.59
2025-06-30,SKU-1024,Fresh Meat,BC Interior DC 8,BC Interior,A,Offshore,757,233,990,900,500,28,53.0,1,0,0.0,0.0,0.0,13542.73
2025-06-30,SKU-1025,Frozen,Ontario DC 1,Ontario,A,Offshore,318,183,501,601,364,27,36.3,1,100,3552.0,0.0,0.0,11295.36
2025-06-30,SKU-1025,Frozen,Alberta DC 2,Alberta,A,Offshore,737,433,1170,1170,705,27,42.8,1,0,0.0,0.0,0.0,26178.24
2025-06-30,SKU-1025,Frozen,Ontario DC 3,Ontario,A,Offshore,2221,1325,3546,1565,651,27,65.5,1,0,0.0,1198.5,42570.72,78889.92
2025-06-30,SKU-1025,Frozen,BC Interior DC 4,BC Interior,A,Offshore,450,240,690,1477,671,27,15.1,0,787,27954.24,0.0,0.0,15984.0
2025-06-30,SKU-1025,Frozen,BC Interior DC 5,BC Interior,A,Offshore,1951,577,2528,1825,765,27,49.7,1,0,0.0,0.0,0.0,69299.52
2025-06-30,SKU-1025,Frozen,Alberta DC 6,Alberta,A,Offshore,941,328,1269,1286,743,27,46.8,1,17,603.84,0.0,0.0,33424.32
2025-06-30,SKU-1025,Frozen,BC Lower Mainland DC 7,BC Lower Mainland,A,Offshore,997,382,1379,1612,696,27,29.4,1,233,8276.16,0.0,0.0,35413.44
2025-06-30,SKU-1025,Frozen,BC Interior DC 8,BC Interior,A,Offshore,843,315,1158,1084,568,27,44.1,1,0,0.0,0.0,0.0,29943.36
2025-06-30,SKU-1026,Fresh Meat,Ontario DC 1,Ontario,A,Offshore,489,353,842,870,544,30,45.0,1,28,549.36,0.0,0.0,9594.18
2025-06-30,SKU-1026,Fresh Meat,Alberta DC 2,Alberta,A,Offshore,957,401,1358,1356,617,30,38.8,1,0,0.0,0.0,0.0,18776.34
2025-06-30,SKU-1026,Fresh Meat,Ontario DC 3,Ontario,A,Offshore,906,529,1435,1198,538,30,41.2,1,0,0.0,0.0,0.0,17775.72
2025-06-30,SKU-1026,Fresh Meat,BC Interior DC 4,BC Interior,A,Offshore,324,210,534,1127,487,30,15.2,0,593,11634.66,0.0,0.0,6356.88
2025-06-30,SKU-1026,Fresh Meat,BC Interior DC 5,BC Interior,A,Offshore,1184,857,2041,1961,776,30,30.0,0,0,0.0,0.0,0.0,23230.08
2025-06-30,SKU-1026,Fresh Meat,Alberta DC 6,Alberta,A,Offshore,1249,744,1993,1836,647,30,31.5,1,0,0.0,0.0,0.0,24505.38
2025-06-30,SKU-1026,Fresh Meat,BC Lower Mainland DC 7,BC Lower Mainland,A,Offshore,1263,707,1970,1871,824,30,36.2,1,0,0.0,0.0,0.0,24780.06
2025-06-30,SKU-1026,Fresh Meat,BC Interior DC 8,BC Interior,A,Offshore,371,174,545,874,499,30,29.7,0,329,6454.98,0.0,0.0,7279.02
2025-06-30,SKU-1027,Deli,Ontario DC 1,Ontario,C,Offshore,1140,670,1810,1517,781,43,66.6,1,0,0.0,0.0,0.0,8071.2
2025-06-30,SKU-1027,Deli,Alberta DC 2,Alberta,C,Offshore,1080,421,1501,1606,697,43,51.1,1,105,743.4,0.0,0.0,7646.4
2025-06-30,SKU-1027,Deli,Ontario DC 3,Ontario,C,Offshore,648,297,945,1501,909,43,47.1,1,556,3936.48,0.0,0.0,4587.84
2025-06-30,SKU-1027,Deli,BC Interior DC 4,BC Interior,C,Offshore,1717,612,2329,2564,790,43,41.6,0,235,1663.8,0.0,0.0,12156.36
2025-06-30,SKU-1027,Deli,BC Interior DC 5,BC Interior,C,Offshore,661,205,866,1397,786,43,46.5,1,531,3759.48,0.0,0.0,4679.88
2025-06-30,SKU-1027,Deli,Alberta DC 6,Alberta,C,Offshore,1255,570,1825,1763,753,43,53.4,1,0,0.0,0.0,0.0,8885.4
2025-06-30,SKU-1027,Deli,BC Lower Mainland DC 7,BC Lower Mainland,C,Offshore,1090,366,1456,1231,727,43,93.0,1,0,0.0,0.0,0.0,7717.2
2025-06-30,SKU-1027,Deli,BC Interior DC 8,BC Interior,C,Offshore,458,330,788,1849,783,43,18.5,0,1061,7511.88,0.0,0.0,3242.64
2025-06-30,SKU-1028,Fresh Meat,Ontario DC 1,Ontario,A,Nearshore,639,455,1094,1101,501,16,17.1,1,7,187.53,0.0,0.0,17118.81
2025-06-30,SKU-1028,Fresh Meat,Alberta DC 2,Alberta,A,Nearshore,424,299,723,743,473,16,25.1,1,20,535.8,0.0,0.0,11358.96
2025-06-30,SKU-1028,Fresh Meat,Ontario DC 3,Ontario,A,Nearshore,966,307,1273,554,365,16,81.8,1,0,0.0,442.0,11841.18,25879.14
2025-06-30,SKU-1028,Fresh Meat,BC Interior DC 4,BC Interior,A,Nearshore,305,69,374,637,447,16,25.6,1,263,7045.77,0.0,0.0,8170.95
2025-06-30,SKU-1028,Fresh Meat,BC Interior DC 5,BC Interior,A,Nearshore,738,212,950,754,491,16,44.9,1,0,0.0,0.0,0.0,19771.02
2025-06-30,SKU-1028,Fresh Meat,Alberta DC 6,Alberta,A,Nearshore,634,252,886,957,504,16,22.4,1,71,1902.09,0.0,0.0,16984.86
2025-06-30,SKU-1028,Fresh Meat,BC Lower Mainland DC 7,BC Lower Mainland,A,Nearshore,1016,447,1463,619,349,16,60.3,1,0,0.0,534.5,14319.26,27218.64
2025-06-30,SKU-1028,Fresh Meat,BC Interior DC 8,BC Interior,A,Nearshore,880,716,1596,985,531,16,31.0,1,0,0.0,118.5,3174.62,23575.2
2025-06-30,SKU-1029,Fresh Meat,Ontario DC 1,Ontario,C,Offshore,1632,576,2208,2105,874,44,58.3,1,0,0.0,0.0,0.0,14149.44
2025-06-30,SKU-1029,Fresh Meat,Alberta DC 2,Alberta,C,Offshore,3500,659,4159,2126,860,44,121.6,1,0,0.0,970.0,8409.9,30345.0
2025-06-30,SKU-1029,Fresh Meat,Ontario DC 3,Ontario,C,Offshore,757,591,1348,2383,931,44,22.9,0,1035,8973.45,0.0,0.0,6563.19
2025-06-30,SKU-1029,Fresh Meat,BC Interior DC 4,BC Interior,C,Offshore,979,518,1497,1421,789,44,68.2,1,0,0.0,0.0,0.0,8487.93
2025-06-30,SKU-1029,Fresh Meat,BC Interior DC 5,BC Interior,C,Offshore,703,506,1209,1680,772,44,34.0,0,471,4083.57,0.0,0.0,6095.01
2025-06-30,SKU-1029,Fresh Meat,Alberta DC 6,Alberta,C,Offshore,1180,379,1559,1497,914,44,89.0,1,0,0.0,0.0,0.0,10230.6
2025-06-30,SKU-1029,Fresh Meat,BC Lower Mainland DC 7,BC Lower Mainland,C,Offshore,813,153,966,1036,566,44,76.1,1,70,606.9,0.0,0.0,7048.71
2025-06-30,SKU-1029,Fresh Meat,BC Interior DC 8,BC Interior,C,Offshore,1209,249,1458,2071,773,44,41.0,0,613,5314.71,0.0,0.0,10482.03
2025-06-30,SKU-1030,Fresh Meat,Ontario DC 1,Ontario,B,Offshore,590,269,859,2563,991,46,17.3,0,1704,21470.4,0.0,0.0,7434.0
2025-06-30,SKU-1030,Fresh Meat,Alberta DC 2,Alberta,B,Offshore,1220,570,1790,2362,848,46,37.1,0,572,7207.2,0.0,0.0,15372.0
2025-06-30,SKU-1030,Fresh Meat,Ontario DC 3,Ontario,B,Offshore,1192,690,1882,2364,1046,46,41.6,0,482,6073.2,0.0,0.0,15019.2
2025-06-30,SKU-1030,Fresh Meat,BC Interior DC 4,BC Interior,B,Offshore,368,279,647,1339,533,46,21.0,0,692,8719.2,0.0,0.0,4636.8
2025-06-30,SKU-1030,Fresh Meat,BC Interior DC 5,BC Interior,B,Offshore,1037,764,1801,1906,987,46,51.9,1,105,1323.0,0.0,0.0,13066.2
2025-06-30,SKU-1030,Fresh Meat,Alberta DC 6,Alberta,B,Offshore,1034,376,1410,1206,707,46,95.3,1,0,0.0,0.0,0.0,13028.4
2025-06-30,SKU-1030,Fresh Meat,BC Lower Mainland DC 7,BC Lower Mainland,B,Offshore,2278,1111,3389,2347,876,46,71.2,1,0,0.0,0.0,0.0,28702.8
2025-06-30,SKU-1030,Fresh Meat,BC Interior DC 8,BC Interior,B,Offshore,788,248,1036,1099,575,46,69.1,1,63,793.8,0.0,0.0,9928.8
2025-06-30,SKU-1031,Deli,Ontario DC 1,Ontario,B,Offshore,569,340,909,1375,647,46,35.9,0,466,7521.24,0.0,0.0,9183.66
2025-06-30,SKU-1031,Deli,Alberta DC 2,Alberta,B,Offshore,519,265,784,2149,917,46,19.4,0,1365,22031.1,0.0,0.0,8376.66
2025-06-30,SKU-1031,Deli,Ontario DC 3,Ontario,B,Offshore,403,225,628,1627,874,46,24.6,0,999,16123.86,0.0,0.0,6504.42
2025-06-30,SKU-1031,Deli,BC Interior DC 4,BC Interior,B,Offshore,1120,558,1678,1534,839,46,74.1,1,0,0.0,0.0,0.0,18076.8
2025-06-30,SKU-1031,Deli,BC Interior DC 5,BC Interior,B,Offshore,778,192,970,1703,795,46,39.4,0,733,11830.62,0.0,0.0,12556.92
2025-06-30,SKU-1031,Deli,Alberta DC 6,Alberta,B,Offshore,1793,711,2504,2713,873,46,44.8,0,209,3373.26,0.0,0.0,28939.02
2025-06-30,SKU-1031,Deli,BC Lower Mainland DC 7,BC Lower Mainland,B,Offshore,1153,305,1458,1661,717,46,56.1,1,203,3276.42,0.0,0.0,18609.42
2025-06-30,SKU-1031,Deli,BC Interior DC 8,BC Interior,B,Offshore,1616,1147,2763,1623,854,46,96.7,1,0,0.0,328.5,5301.99,26082.24
2025-06-30,SKU-1032,Seafood,Ontario DC 1,Ontario,B,Offshore,1083,403,1486,1616,667,44,50.2,1,130,1791.4,0.0,0.0,14923.74
2025-06-30,SKU-1032,Seafood,Alberta DC 2,Alberta,B,Offshore,1672,1016,2688,2695,896,44,40.9,0,7,96.46,0.0,0.0,23040.16
2025-06-30,SKU-1032,Seafood,Ontario DC 3,Ontario,B,Offshore,1949,1108,3057,2150,872,44,67.1,1,0,0.0,0.0,0.0,26857.22
2025-06-30,SKU-1032,Seafood,BC Interior DC 4,BC Interior,B,Offshore,1971,483,2454,1420,742,44,127.9,1,0,0.0,324.0,4464.72,27160.38
2025-06-30,SKU-1032,Seafood,BC Interior DC 5,BC Interior,B,Offshore,797,434,1231,1103,615,44,71.9,1,0,0.0,0.0,0.0,10982.66
2025-06-30,SKU-1032,Seafood,Alberta DC 6,Alberta,B,Offshore,1453,473,1926,2511,1031,44,43.2,0,585,8061.3,0.0,0.0,20022.34
2025-06-30,SKU-1032,Seafood,BC Lower Mainland DC 7,BC Lower Mainland,B,Offshore,2263,1022,3285,1752,870,44,113.0,1,0,0.0,657.0,9053.46,31184.14
2025-06-30,SKU-1032,Seafood,BC Interior DC 8,BC Interior,B,Offshore,1089,196,1285,1372,683,44,69.6,1,87,1198.86,0.0,0.0,15006.42
2025-06-30,SKU-1033,Seafood,Ontario DC 1,Ontario,A,Offshore,1166,231,1397,1338,608,43,68.6,1,0,0.0,0.0,0.0,24894.1
2025-06-30,SKU-1033,Seafood,Alberta DC 2,Alberta,A,Offshore,749,472,1221,1376,696,43,47.4,1,155,3309.25,0.0,0.0,15991.15
2025-06-30,SKU-1033,Seafood,Ontario DC 3,Ontario,A,Offshore,1995,591,2586,2169,863,43,65.7,1,0,0.0,0.0,0.0,42593.25
2025-06-30,SKU-1033,Seafood,BC Interior DC 4,BC Interior,A,Offshore,1103,440,1543,1903,798,43,42.9,0,360,7686.0,0.0,0.0,23549.05
2025-06-30,SKU-1033,Seafood,BC Interior DC 5,BC Interior,A,Offshore,1052,261,1313,1348,905,43,102.2,1,35,747.25,0.0,0.0,22460.2
2025-06-30,SKU-1033,Seafood,Alberta DC 6,Alberta,A,Offshore,1936,804,2740,3500,1116,43,34.9,0,760,16226.0,0.0,0.0,41333.6
2025-06-30,SKU-1033,Seafood,BC Lower Mainland DC 7,BC Lower Mainland,A,Offshore,1263,435,1698,1730,700,43,52.7,1,32,683.2,0.0,0.0,26965.05
2025-06-30,SKU-1033,Seafood,BC Interior DC 8,BC Interior,A,Offshore,768,553,1321,1858,781,43,30.7,0,537,11464.95,0.0,0.0,16396.8
2025-06-30,SKU-1034,Frozen,Ontario DC 1,Ontario,C,Offshore,1277,359,1636,2020,702,44,42.6,0,384,4408.32,0.0,0.0,14659.96
2025-06-30,SKU-1034,Frozen,Alberta DC 2,Alberta,C,Offshore,1173,536,1709,1855,772,44,47.7,1,146,1676.08,0.0,0.0,13466.04
2025-06-30,SKU-1034,Frozen,Ontario DC 3,Ontario,C,Offshore,380,210,590,1635,698,44,17.8,0,1045,11996.6,0.0,0.0,4362.4
2025-06-30,SKU-1034,Frozen,BC Interior DC 4,BC Interior,C,Offshore,991,242,1233,2028,961,44,40.9,0,795,9126.6,0.0,0.0,11376.68
2025-06-30,SKU-1034,Frozen,BC Interior DC 5,BC Interior,C,Offshore,508,207,715,1781,758,44,21.9,0,1066,12237.68,0.0,0.0,5831.84
2025-06-30,SKU-1034,Frozen,Alberta DC 6,Alberta,C,Offshore,1316,648,1964,1825,729,44,52.8,1,0,0.0,0.0,0.0,15107.68
2025-06-30,SKU-1034,Frozen,BC Lower Mainland DC 7,BC Lower Mainland,C,Offshore,1377,304,1681,1490,696,44,76.3,1,0,0.0,0.0,0.0,15807.96
2025-06-30,SKU-1034,Frozen,BC Interior DC 8,BC Interior,C,Offshore,611,390,1001,1779,743,44,26.0,0,778,8931.44,0.0,0.0,7014.28
2025-06-30,SKU-1035,Frozen,Ontario DC 1,Ontario,A,Offshore,988,226,1214,1781,808,36,36.6,1,567,14021.91,0.0,0.0,24433.24
2025-06-30,SKU-1035,Frozen,Alberta DC 2,Alberta,A,Offshore,671,313,984,2028,768,36,19.2,0,1044,25818.12,0.0,0.0,16593.83
2025-06-30,SKU-1035,Frozen,Ontario DC 3,Ontario,A,Offshore,1243,597,1840,1700,744,36,46.8,1,0,0.0,0.0,0.0,30739.39
2025-06-30,SKU-1035,Frozen,BC Interior DC 4,BC Interior,A,Offshore,872,523,1395,717,553,36,191.1,1,0,0.0,319.5,7901.24,21564.56
2025-06-30,SKU-1035,Frozen,BC Interior DC 5,BC Interior,A,Offshore,1457,821,2278,994,474,36,100.8,1,0,0.0,787.0,19462.51,36031.61
2025-06-30,SKU-1035,Frozen,Alberta DC 6,Alberta,A,Offshore,806,419,1225,1469,734,36,39.5,1,244,6034.12,0.0,0.0,19932.38
2025-06-30,SKU-1035,Frozen,BC Lower Mainland DC 7,BC Lower Mainland,A,Offshore,1019,335,1354,1020,608,36,89.1,1,0,0.0,0.0,0.0,25199.87
2025-06-30,SKU-1035,Frozen,BC Interior DC 8,BC Interior,A,Offshore,2186,1477,3663,1765,745,36,77.2,1,0,0.0,1015.5,25113.32,54059.78
2025-06-30,SKU-1036,Fresh Meat,Ontario DC 1,Ontario,B,Nearshore,1031,623,1654,1218,506,17,24.6,1,0,0.0,0.0,0.0,16794.99
2025-06-30,SKU-1036,Fresh Meat,Alberta DC 2,Alberta,B,Nearshore,584,227,811,761,558,17,48.9,1,0,0.0,0.0,0.0,9513.36
2025-06-30,SKU-1036,Fresh Meat,Ontario DC 3,Ontario,B,Nearshore,330,122,452,734,423,17,18.1,1,282,4593.78,0.0,0.0,5375.7
2025-06-30,SKU-1036,Fresh Meat,BC Interior DC 4,BC Interior,B,Nearshore,370,93,463,751,452,17,21.0,1,288,4691.52,0.0,0.0,6027.3
2025-06-30,SKU-1036,Fresh Meat,BC Interior DC 5,BC Interior,B,Nearshore,811,240,1051,1125,488,17,21.6,1,74,1205.46,0.0,0.0,13211.19
2025-06-30,SKU-1036,Fresh Meat,Alberta DC 6,Alberta,B,Nearshore,445,201,646,1179,683,17,15.3,0,533,8682.57,0.0,0.0,7249.05
2025-06-30,SKU-1036,Fresh Meat,BC Lower Mainland DC 7,BC Lower Mainland,B,Nearshore,620,125,745,691,395,17,35.6,1,0,0.0,0.0,0.0,10099.8
2025-06-30,SKU-1036,Fresh Meat,BC Interior DC 8,BC Interior,B,Nearshore,744,170,914,715,446,17,46.9,1,0,0.0,0.0,0.0,12119.76
2025-06-30,SKU-1037,Deli,Ontario DC 1,Ontario,C,Offshore,899,561,1460,1649,654,33,29.8,0,189,1113.21,0.0,0.0,5295.11
2025-06-30,SKU-1037,Deli,Alberta DC 2,Alberta,C,Offshore,1332,530,1862,848,560,33,152.6,1,0,0.0,590.0,3475.1,7845.48
2025-06-30,SKU-1037,Deli,Ontario DC 3,Ontario,C,Offshore,1458,317,1775,1447,673,33,62.2,1,0,0.0,0.0,0.0,8587.62
2025-06-30,SKU-1037,Deli,BC Interior DC 4,BC Interior,C,Offshore,1656,332,1988,1763,832,33,58.7,1,0,0.0,0.0,0.0,9753.84
2025-06-30,SKU-1037,Deli,BC Interior DC 5,BC Interior,C,Offshore,1059,296,1355,1284,777,33,68.8,1,0,0.0,0.0,0.0,6237.51
2025-06-30,SKU-1037,Deli,Alberta DC 6,Alberta,C,Offshore,820,441,1261,1545,634,33,29.7,0,284,1672.76,0.0,0.0,4829.8
2025-06-30,SKU-1037,Deli,BC Lower Mainland DC 7,BC Lower Mainland,C,Offshore,1062,719,1781,1429,732,33,50.3,1,0,0.0,0.0,0.0,6255.18
2025-06-30,SKU-1037,Deli,BC Interior DC 8,BC Interior,C,Offshore,610,340,950,2025,698,33,15.2,0,1075,6331.75,0.0,0.0,3592.9
2025-06-30,SKU-1038,Deli,Ontario DC 1,Ontario,A,Offshore,840,456,1296,1088,528,25,37.5,1,0,0.0,0.0,0.0,20714.4
2025-06-30,SKU-1038,Deli,Alberta DC 2,Alberta,A,Offshore,703,561,1264,978,506,25,37.2,1,0,0.0,0.0,0.0,17335.98
2025-06-30,SKU-1038,Deli,Ontario DC 3,Ontario,A,Offshore,1026,391,1417,1194,475,25,35.7,1,0,0.0,0.0,0.0,25301.16
2025-06-30,SKU-1038,Deli,BC Interior DC 4,BC Interior,A,Offshore,979,180,1159,774,426,25,70.4,1,0,0.0,0.0,0.0,24142.14
2025-06-30,SKU-1038,Deli,BC Interior DC 5,BC Interior,A,Offshore,811,634,1445,1378,562,25,24.8,0,0,0.0,0.0,0.0,19999.26
2025-06-30,SKU-1038,Deli,Alberta DC 6,Alberta,A,Offshore,1216,897,2113,1332,701,25,48.2,1,0,0.0,115.0,2835.9,29986.56
2025-06-30,SKU-1038,Deli,BC Lower Mainland DC 7,BC Lower Mainland,A,Offshore,849,294,1143,1294,560,25,28.9,1,151,3723.66,0.0,0.0,20936.34
2025-06-30,SKU-1038,Deli,BC Interior DC 8,BC Interior,A,Offshore,567,339,906,943,519,25,33.4,1,37,912.42,0.0,0.0,13982.22
2025-06-30,SKU-1039,Deli,Ontario DC 1,Ontario,C,Offshore,1510,873,2383,2038,728,34,39.2,1,0,0.0,0.0,0.0,16594.9
2025-06-30,SKU-1039,Deli,Alberta DC 2,Alberta,C,Offshore,1183,540,1723,1220,668,34,72.8,1,0,0.0,0.0,0.0,13001.17
2025-06-30,SKU-1039,Deli,Ontario DC 3,Ontario,C,Offshore,1351,247,1598,1670,723,34,48.5,1,72,791.28,0.0,0.0,14847.49
2025-06-30,SKU-1039,Deli,BC Interior DC 4,BC Interior,C,Offshore,1923,479,2402,1238,599,34,102.3,1,0,0.0,545.0,5989.55,21133.77
2025-06-30,SKU-1039,Deli,BC Interior DC 5,BC Interior,C,Offshore,1057,212,1269,1370,664,34,50.9,1,101,1109.99,0.0,0.0,11616.43
2025-06-30,SKU-1039,Deli,Alberta DC 6,Alberta,C,Offshore,332,175,507,1153,643,34,22.1,0,646,7099.54,0.0,0.0,3648.68
2025-06-30,SKU-1039,Deli,BC Lower Mainland DC 7,BC Lower Mainland,C,Offshore,1362,410,1772,1436,627,34,57.2,1,0,0.0,0.0,0.0,14968.38
2025-06-30,SKU-1039,Deli,BC Interior DC 8,BC Interior,C,Offshore,353,138,491,1092,567,34,22.9,0,601,6604.99,0.0,0.0,3879.47
2025-06-30,SKU-1040,Fresh Meat,Ontario DC 1,Ontario,A,Offshore,894,222,1116,1446,720,41,50.5,1,330,12417.9,0.0,0.0,33641.22
2025-06-30,SKU-1040,Fresh Meat,Alberta DC 2,Alberta,A,Offshore,2502,908,3410,2136,842,41,79.3,1,0,0.0,206.0,7751.78,94150.26
2025-06-30,SKU-1040,Fresh Meat,Ontario DC 3,Ontario,A,Offshore,794,201,995,1357,836,41,62.5,1,362,13622.06,0.0,0.0,29878.22
2025-06-30,SKU-1040,Fresh Meat,BC Interior DC 4,BC Interior,A,Offshore,1128,365,1493,1212,557,41,70.6,1,0,0.0,0.0,0.0,42446.64
2025-06-30,SKU-1040,Fresh Meat,BC Interior DC 5,BC Interior,A,Offshore,2338,729,3067,1923,925,41,96.1,1,0,0.0,182.5,6867.48,87978.94
2025-06-30,SKU-1040,Fresh Meat,Alberta DC 6,Alberta,A,Offshore,756,467,1223,884,527,41,86.9,1,0,0.0,0.0,0.0,28448.28
2025-06-30,SKU-1040,Fresh Meat,BC Lower Mainland DC 7,BC Lower Mainland,A,Offshore,1170,271,1441,1798,804,41,48.2,1,357,13433.91,0.0,0.0,44027.1
2025-06-30,SKU-1040,Fresh Meat,BC Interior DC 8,BC Interior,A,Offshore,1809,462,2271,2548,1008,41,48.2,1,277,10423.51,0.0,0.0,68072.67
2025-06-30,SKU-1041,Fresh Meat,Ontario DC 1,Ontario,A,Offshore,916,465,1381,1212,864,45,118.4,1,0,0.0,0.0,0.0,20884.8
2025-06-30,SKU-1041,Fresh Meat,Alberta DC 2,Alberta,A,Offshore,786,397,1183,1591,747,45,41.9,0,408,9302.4,0.0,0.0,17920.8
2025-06-30,SKU-1041,Fresh Meat,Ontario DC 3,Ontario,A,Offshore,1412,1042,2454,3634,1076,45,24.8,0,1180,26904.0,0.0,0.0,32193.6
2025-06-30,SKU-1041,Fresh Meat,BC Interior DC 4,BC Interior,A,Offshore,994,627,1621,2080,805,45,35.1,0,459,10465.2,0.0,0.0,22663.2
2025-06-30,SKU-1041,Fresh Meat,BC Interior DC 5,BC Interior,A,Offshore,579,326,905,929,495,45,59.9,1,24,547.2,0.0,0.0,13201.2
2025-06-30,SKU-1041,Fresh Meat,Alberta DC 6,Alberta,A,Offshore,398,242,640,1412,667,45,24.0,0,772,17601.6,0.0,0.0,9074.4
2025-06-30,SKU-1041,Fresh Meat,BC Lower Mainland DC 7,BC Lower Mainland,A,Offshore,902,429,1331,1587,722,45,47.0,1,256,5836.8,0.0,0.0,20565.6
2025-06-30,SKU-1041,Fresh Meat,BC Interior DC 8,BC Interior,A,Offshore,1102,423,1525,2127,948,45,42.1,0,602,13725.6,0.0,0.0,25125.6
2025-06-30,SKU-1042,Frozen,Ontario DC 1,Ontario,A,Offshore,840,476,1316,1320,703,34,46.3,1,4,93.28,0.0,0.0,19588.8
2025-06-30,SKU-1042,Frozen,Alberta DC 2,Alberta,A,Offshore,467,188,655,789,535,34,62.6,1,134,3124.88,0.0,0.0,10890.44
2025-06-30,SKU-1042,Frozen,Ontario DC 3,Ontario,A,Offshore,826,436,1262,1099,580,34,54.1,1,0,0.0,0.0,0.0,19262.32
2025-06-30,SKU-1042,Frozen,BC Interior DC 4,BC Interior,A,Offshore,1399,888,2287,2007,810,34,39.7,1,0,0.0,0.0,0.0,32624.68
2025-06-30,SKU-1042,Frozen,BC Interior DC 5,BC Interior,A,Offshore,1350,248,1598,1155,486,34,68.5,1,0,0.0,0.0,0.0,31482.0
2025-06-30,SKU-1042,Frozen,Alberta DC 6,Alberta,A,Offshore,844,379,1223,1350,630,34,39.9,1,127,2961.64,0.0,0.0,19682.08
2025-06-30,SKU-1042,Frozen,BC Lower Mainland DC 7,BC Lower Mainland,A,Offshore,1183,367,1550,1536,783,34,53.4,1,0,0.0,0.0,0.0,27587.56
2025-06-30,SKU-1042,Frozen,BC Interior DC 8,BC Interior,A,Offshore,2790,952,3742,2490,909,34,60.0,1,0,0.0,7.0,163.24,65062.8
2025-06-30,SKU-1043,Fresh Meat,Ontario DC 1,Ontario,A,Nearshore,771,407,1178,761,398,16,34.1,1,0,0.0,36.5,1319.48,27871.65
2025-06-30,SKU-1043,Fresh Meat,Alberta DC 2,Alberta,A,Nearshore,1112,617,1729,1107,519,16,30.2,1,0,0.0,68.5,2476.28,40198.8
2025-06-30,SKU-1043,Fresh Meat,Ontario DC 3,Ontario,A,Nearshore,290,86,376,631,346,16,16.3,1,255,9218.25,0.0,0.0,10483.5
2025-06-30,SKU-1043,Fresh Meat,BC Interior DC 4,BC Interior,A,Nearshore,452,356,808,661,426,16,30.8,1,0,0.0,0.0,0.0,16339.8
2025-06-30,SKU-1043,Fresh Meat,BC Interior DC 5,BC Interior,A,Nearshore,762,486,1248,972,503,16,26.0,1,0,0.0,0.0,0.0,27546.3
2025-06-30,SKU-1043,Fresh Meat,Alberta DC 6,Alberta,A,Nearshore,610,321,931,886,422,16,21.0,1,0,0.0,0.0,0.0,22051.5
2025-06-30,SKU-1043,Fresh Meat,BC Lower Mainland DC 7,BC Lower Mainland,A,Nearshore,409,250,659,527,374,16,42.9,1,0,0.0,0.0,0.0,14785.35
2025-06-30,SKU-1043,Fresh Meat,BC Interior DC 8,BC Interior,A,Nearshore,1141,286,1427,992,592,16,45.7,1,0,0.0,0.0,0.0,41247.15
2025-06-30,SKU-1044,Seafood,Ontario DC 1,Ontario,B,Offshore,1580,306,1886,1372,705,34,80.6,1,0,0.0,0.0,0.0,24648.0
2025-06-30,SKU-1044,Seafood,Alberta DC 2,Alberta,B,Offshore,1230,845,2075,2142,794,34,31.0,0,67,1045.2,0.0,0.0,19188.0
2025-06-30,SKU-1044,Seafood,Ontario DC 3,Ontario,B,Offshore,1376,458,1834,1650,696,34,49.0,1,0,0.0,0.0,0.0,21465.6
2025-06-30,SKU-1044,Seafood,BC Interior DC 4,BC Interior,B,Offshore,1316,1006,2322,1428,608,34,54.5,1,0,0.0,180.0,2808.0,20529.6
2025-06-30,SKU-1044,Seafood,BC Interior DC 5,BC Interior,B,Offshore,587,314,901,1225,672,34,36.1,1,324,5054.4,0.0,0.0,9157.2
2025-06-30,SKU-1044,Seafood,Alberta DC 6,Alberta,B,Offshore,443,356,799,934,650,34,53.2,1,135,2106.0,0.0,0.0,6910.8
2025-06-30,SKU-1044,Seafood,BC Lower Mainland DC 7,BC Lower Mainland,B,Offshore,891,504,1395,1783,711,34,28.3,0,388,6052.8,0.0,0.0,13899.6
2025-06-30,SKU-1044,Seafood,BC Interior DC 8,BC Interior,B,Offshore,1216,531,1747,1500,712,34,52.5,1,0,0.0,0.0,0.0,18969.6
2025-06-30,SKU-1045,Frozen,Ontario DC 1,Ontario,A,Offshore,908,612,1520,1455,706,34,41.2,1,0,0.0,0.0,0.0,32497.32
2025-06-30,SKU-1045,Frozen,Alberta DC 2,Alberta,A,Offshore,615,270,885,1060,680,34,55.1,1,175,6263.25,0.0,0.0,22010.85
2025-06-30,SKU-1045,Frozen,Ontario DC 3,Ontario,A,Offshore,2167,530,2697,2289,816,34,50.0,1,0,0.0,0.0,0.0,77556.93
2025-06-30,SKU-1045,Frozen,BC Interior DC 4,BC Interior,A,Offshore,688,152,840,927,712,34,109.0,1,87,3113.73,0.0,0.0,24623.52
2025-06-30,SKU-1045,Frozen,BC Interior DC 5,BC Interior,A,Offshore,1012,610,1622,1384,676,34,48.6,1,0,0.0,0.0,0.0,36219.48
2025-06-30,SKU-1045,Frozen,Alberta DC 6,Alberta,A,Offshore,817,292,1109,1576,648,34,29.9,0,467,16713.93,0.0,0.0,29240.43
2025-06-30,SKU-1045,Frozen,BC Lower Mainland DC 7,BC Lower Mainland,A,Offshore,1160,891,2051,1718,722,34,39.6,1,0,0.0,0.0,0.0,41516.4
2025-06-30,SKU-1045,Frozen,BC Interior DC 8,BC Interior,A,Offshore,685,484,1169,1152,691,34,50.6,1,0,0.0,0.0,0.0,24516.15
2025-06-30,SKU-1046,Frozen,Ontario DC 1,Ontario,A,Offshore,1712,1231,2943,2428,809,45,47.6,1,0,0.0,0.0,0.0,43210.88
2025-06-30,SKU-1046,Frozen,Alberta DC 2,Alberta,A,Offshore,762,523,1285,1600,782,45,41.9,0,315,7950.6,0.0,0.0,19232.88
2025-06-30,SKU-1046,Frozen,Ontario DC 3,Ontario,A,Offshore,886,259,1145,1837,763,45,37.1,0,692,17466.08,0.0,0.0,22362.64
2025-06-30,SKU-1046,Frozen,BC Interior DC 4,BC Interior,A,Offshore,811,348,1159,983,714,45,135.4,1,0,0.0,0.0,0.0,20469.64
2025-06-30,SKU-1046,Frozen,BC Interior DC 5,BC Interior,A,Offshore,657,389,1046,2729,974,45,16.8,0,1683,42478.92,0.0,0.0,16582.68
2025-06-30,SKU-1046,Frozen,Alberta DC 6,Alberta,A,Offshore,566,258,824,843,569,45,92.9,1,19,479.56,0.0,0.0,14285.84
2025-06-30,SKU-1046,Frozen,BC Lower Mainland DC 7,BC Lower Mainland,A,Offshore,1224,511,1735,2508,1097,45,39.1,0,773,19510.52,0.0,0.0,30893.76
2025-06-30,SKU-1046,Frozen,BC Interior DC 8,BC Interior,A,Offshore,1426,511,1937,2276,903,45,46.7,1,339,8556.36,0.0,0.0,35992.24
2025-06-30,SKU-1047,Fresh Meat,Ontario DC 1,Ontario,C,Offshore,1300,903,2203,1854,755,42,49.7,1,0,0.0,0.0,0.0,3497.0
2025-06-30,SKU-1047,Fresh Meat,Alberta DC 2,Alberta,C,Offshore,738,425,1163,1661,722,42,33.0,0,498,1339.62,0.0,0.0,1985.22
2025-06-30,SKU-1047,Fresh Meat,Ontario DC 3,Ontario,C,Offshore,493,151,644,859,570,42,71.7,1,215,578.35,0.0,0.0,1326.17
2025-06-30,SKU-1047,Fresh Meat,BC Interior DC 4,BC Interior,C,Offshore,1792,665,2457,2173,916,42,59.9,1,0,0.0,0.0,0.0,4820.48
2025-06-30,SKU-1047,Fresh Meat,BC Interior DC 5,BC Interior,C,Offshore,697,287,984,1096,573,42,56.0,1,112,301.28,0.0,0.0,1874.93
2025-06-30,SKU-1047,Fresh Meat,Alberta DC 6,Alberta,C,Offshore,1325,535,1860,2203,901,42,42.8,1,343,922.67,0.0,0.0,3564.25
2025-06-30,SKU-1047,Fresh Meat,BC Lower Mainland DC 7,BC Lower Mainland,C,Offshore,1407,654,2061,2804,913,42,31.3,0,743,1998.67,0.0,0.0,3784.83
2025-06-30,SKU-1047,Fresh Meat,BC Interior DC 8,BC Interior,C,Offshore,1280,902,2182,1669,815,42,62.9,1,0,0.0,0.0,0.0,3443.2
2025-06-30,SKU-1048,Deli,Ontario DC 1,Ontario,A,Offshore,513,193,706,1545,603,33,18.0,0,839,22611.05,0.0,0.0,13825.35
2025-06-30,SKU-1048,Deli,Alberta DC 2,Alberta,A,Offshore,1398,265,1663,1100,706,33,116.9,1,0,0.0,13.0,350.35,37676.1
2025-06-30,SKU-1048,Deli,Ontario DC 3,Ontario,A,Offshore,731,418,1149,2303,1038,33,19.1,0,1154,31100.3,0.0,0.0,19700.45
2025-06-30,SKU-1048,Deli,BC Interior DC 4,BC Interior,A,Offshore,735,180,915,2042,822,33,19.9,0,1127,30372.65,0.0,0.0,19808.25
2025-06-30,SKU-1048,Deli,BC Interior DC 5,BC Interior,A,Offshore,558,136,694,1580,650,33,19.8,0,886,23877.7,0.0,0.0,15038.1
2025-06-30,SKU-1048,Deli,Alberta DC 6,Alberta,A,Offshore,612,300,912,1289,646,33,31.4,0,377,10160.15,0.0,0.0,16493.4
2025-06-30,SKU-1048,Deli,BC Lower Mainland DC 7,BC Lower Mainland,A,Offshore,554,310,864,1510,992,33,35.3,1,646,17409.7,0.0,0.0,14930.3
2025-06-30,SKU-1048,Deli,BC Interior DC 8,BC Interior,A,Offshore,1757,1018,2775,1317,635,33,85.0,1,0,0.0,799.5,21546.52,47351.15
2025-06-30,SKU-1049,Frozen,Ontario DC 1,Ontario,B,Offshore,918,599,1517,2455,1113,47,32.1,0,938,13788.6,0.0,0.0,13494.6
2025-06-30,SKU-1049,Frozen,Alberta DC 2,Alberta,B,Offshore,2874,789,3663,2115,1040,47,125.6,1,0,0.0,490.5,7210.35,42247.8
2025-06-30,SKU-1049,Frozen,Ontario DC 3,Ontario,B,Offshore,1060,207,1267,1541,669,47,57.1,1,274,4027.8,0.0,0.0,15582.0
2025-06-30,SKU-1049,Frozen,BC Interior DC 4,BC Interior,B,Offshore,602,146,748,1159,692,47,60.7,1,411,6041.7,0.0,0.0,8849.4
2025-06-30,SKU-1049,Frozen,BC Interior DC 5,BC Interior,B,Offshore,1011,500,1511,1833,820,47,46.9,0,322,4733.4,0.0,0.0,14861.7
2025-06-30,SKU-1049,Frozen,Alberta DC 6,Alberta,B,Offshore,1097,510,1607,2342,1018,47,38.9,0,735,10804.5,0.0,0.0,16125.9
2025-06-30,SKU-1049,Frozen,BC Lower Mainland DC 7,BC Lower Mainland,B,Offshore,768,440,1208,1510,726,47,46.0,0,302,4439.4,0.0,0.0,11289.6
2025-06-30,SKU-1049,Frozen,BC Interior DC 8,BC Interior,B,Offshore,998,300,1298,1719,753,47,48.6,1,421,6188.7,0.0,0.0,14670.6
2025-06-30,SKU-1050,Seafood,Ontario DC 1,Ontario,A,Offshore,734,347,1081,873,524,34,71.4,1,0,0.0,0.0,0.0,16771.9
2025-06-30,SKU-1050,Seafood,Alberta DC 2,Alberta,A,Offshore,1349,1003,2352,2517,978,34,29.8,0,165,3770.25,0.0,0.0,30824.65
2025-06-30,SKU-1050,Seafood,Ontario DC 3,Ontario,A,Offshore,738,390,1128,1229,641,34,42.6,1,101,2307.85,0.0,0.0,16863.3
2025-06-30,SKU-1050,Seafood,BC Interior DC 4,BC Interior,A,Offshore,2578,480,3058,2070,842,34,71.4,1,0,0.0,0.0,0.0,58907.3
2025-06-30,SKU-1050,Seafood,BC Interior DC 5,BC Interior,A,Offshore,582,432,1014,1312,690,34,31.8,0,298,6809.3,0.0,0.0,13298.7
2025-06-30,SKU-1050,Seafood,Alberta DC 6,Alberta,A,Offshore,883,707,1590,1787,656,34,26.5,0,197,4501.45,0.0,0.0,20176.55
2025-06-30,SKU-1050,Seafood,BC Lower Mainland DC 7,BC Lower Mainland,A,Offshore,564,386,950,825,700,34,153.7,1,0,0.0,0.0,0.0,12887.4
2025-06-30,SKU-1050,Seafood,BC Interior DC 8,BC Interior,A,Offshore,1258,752,2010,1909,766,34,37.4,1,0,0.0,0.0,0.0,28745.3
2025-06-30,SKU-1051,Seafood,Ontario DC 1,Ontario,A,Offshore,1093,488,1581,755,590,29,192.6,1,0,0.0,448.5,11042.07,26909.66
2025-06-30,SKU-1051,Seafood,Alberta DC 2,Alberta,A,Offshore,1780,756,2536,1889,995,29,57.7,1,0,0.0,0.0,0.0,43823.6
2025-06-30,SKU-1051,Seafood,Ontario DC 3,Ontario,A,Offshore,796,359,1155,1227,742,29,47.6,1,72,1772.64,0.0,0.0,19597.52
2025-06-30,SKU-1051,Seafood,BC Interior DC 4,BC Interior,A,Offshore,1048,266,1314,971,553,29,72.6,1,0,0.0,0.0,0.0,25801.76
2025-06-30,SKU-1051,Seafood,BC Interior DC 5,BC Interior,A,Offshore,891,611,1502,1843,757,29,23.8,0,341,8395.42,0.0,0.0,21936.42
2025-06-30,SKU-1051,Seafood,Alberta DC 6,Alberta,A,Offshore,477,169,646,800,510,29,47.6,1,154,3791.48,0.0,0.0,11743.74
2025-06-30,SKU-1051,Seafood,BC Lower Mainland DC 7,BC Lower Mainland,A,Offshore,2577,706,3283,1500,644,29,87.3,1,0,0.0,1033.0,25432.46,63445.74
2025-06-30,SKU-1051,Seafood,BC Interior DC 8,BC Interior,A,Offshore,1323,643,1966,1321,621,29,54.9,1,0,0.0,0.0,0.0,32572.26
2025-06-30,SKU-1052,Deli,Ontario DC 1,Ontario,A,Nearshore,256,195,451,775,438,17,12.9,0,324,10468.44,0.0,0.0,8271.36
2025-06-30,SKU-1052,Deli,Alberta DC 2,Alberta,A,Nearshore,1807,922,2729,988,527,17,66.7,1,0,0.0,1247.0,40290.57,58384.17
2025-06-30,SKU-1052,Deli,Ontario DC 3,Ontario,A,Nearshore,707,383,1090,1235,571,17,18.1,1,145,4684.95,0.0,0.0,22843.17
2025-06-30,SKU-1052,Deli,BC Interior DC 4,BC Interior,A,Nearshore,639,370,1009,839,530,17,35.2,1,0,0.0,0.0,0.0,20646.09
2025-06-30,SKU-1052,Deli,BC Interior DC 5,BC Interior,A,Nearshore,466,163,629,685,455,17,34.4,1,56,1809.36,0.0,0.0,15056.46
2025-06-30,SKU-1052,Deli,Alberta DC 6,Alberta,A,Nearshore,326,77,403,787,448,17,16.4,0,384,12407.04,0.0,0.0,10533.06
2025-06-30,SKU-1052,Deli,BC Lower Mainland DC 7,BC Lower Mainland,A,Nearshore,975,340,1315,919,473,17,37.2,1,0,0.0,0.0,0.0,31502.25
2025-06-30,SKU-1052,Deli,BC Interior DC 8,BC Interior,A,Nearshore,1709,305,2014,1109,540,17,51.0,1,0,0.0,350.5,11324.66,55217.79
2025-06-30,SKU-1053,Frozen,Ontario DC 1,Ontario,A,Offshore,1173,435,1608,1676,635,43,48.5,1,68,1442.96,0.0,0.0,24891.06
2025-06-30,SKU-1053,Frozen,Alberta DC 2,Alberta,A,Offshore,663,159,822,811,498,43,91.2,1,0,0.0,0.0,0.0,14068.86
2025-06-30,SKU-1053,Frozen,Ontario DC 3,Ontario,A,Offshore,1049,580,1629,1646,782,43,52.2,1,17,360.74,0.0,0.0,22259.78
2025-06-30,SKU-1053,Frozen,BC Interior DC 4,BC Interior,A,Offshore,3280,1817,5097,2936,1103,43,76.9,1,0,0.0,693.0,14705.46,69601.6
2025-06-30,SKU-1053,Frozen,BC Interior DC 5,BC Interior,A,Offshore,1314,616,1930,2338,861,43,38.3,0,408,8657.76,0.0,0.0,27883.08
2025-06-30,SKU-1053,Frozen,Alberta DC 6,Alberta,A,Offshore,664,433,1097,1251,775,43,60.0,1,154,3267.88,0.0,0.0,14090.08
2025-06-30,SKU-1053,Frozen,BC Lower Mainland DC 7,BC Lower Mainland,A,Offshore,751,530,1281,1478,729,43,43.1,1,197,4180.34,0.0,0.0,15936.22
2025-06-30,SKU-1053,Frozen,BC Interior DC 8,BC Interior,A,Offshore,1029,495,1524,1788,797,43,44.7,1,264,5602.08,0.0,0.0,21835.38
2025-06-30,SKU-1054,Frozen,Ontario DC 1,Ontario,A,Offshore,1378,772,2150,1978,783,32,36.9,1,0,0.0,0.0,0.0,52047.06
2025-06-30,SKU-1054,Frozen,Alberta DC 2,Alberta,A,Offshore,1151,561,1712,1183,778,32,90.9,1,0,0.0,0.0,0.0,43473.27
2025-06-30,SKU-1054,Frozen,Ontario DC 3,Ontario,A,Offshore,1221,711,1932,1802,754,32,37.3,1,0,0.0,0.0,0.0,46117.17
2025-06-30,SKU-1054,Frozen,BC Interior DC 4,BC Interior,A,Offshore,2312,456,2768,2539,958,32,46.8,1,0,0.0,0.0,0.0,87324.24
2025-06-30,SKU-1054,Frozen,BC Interior DC 5,BC Interior,A,Offshore,359,162,521,790,487,32,38.0,1,269,10160.13,0.0,0.0,13559.43
2025-06-30,SKU-1054,Frozen,Alberta DC 6,Alberta,A,Offshore,497,96,593,1377,621,32,21.0,0,784,29611.68,0.0,0.0,18771.69
2025-06-30,SKU-1054,Frozen,BC Lower Mainland DC 7,BC Lower Mainland,A,Offshore,500,242,742,815,560,32,62.8,1,73,2757.21,0.0,0.0,18885.0
2025-06-30,SKU-1054,Frozen,BC Interior DC 8,BC Interior,A,Offshore,958,450,1408,1758,793,32,31.8,0,350,13219.5,0.0,0.0,36183.66
2025-06-30,SKU-1055,Deli,Ontario DC 1,Ontario,C,Offshore,2059,483,2542,2169,882,41,65.6,1,0,0.0,0.0,0.0,6341.72
2025-06-30,SKU-1055,Deli,Alberta DC 2,Alberta,C,Offshore,674,417,1091,1102,534,41,48.6,1,11,33.88,0.0,0.0,2075.92
2025-06-30,SKU-1055,Deli,Ontario DC 3,Ontario,C,Offshore,1212,393,1605,2192,821,41,36.2,0,587,1807.96,0.0,0.0,3732.96
2025-06-30,SKU-1055,Deli,BC Interior DC 4,BC Interior,C,Offshore,1074,846,1920,1916,977,41,46.9,1,0,0.0,0.0,0.0,3307.92
2025-06-30,SKU-1055,Deli,BC Interior DC 5,BC Interior,C,Offshore,615,189,804,867,677,41,132.7,1,63,194.04,0.0,0.0,1894.2
2025-06-30,SKU-1055,Deli,Alberta DC 6,Alberta,C,Offshore,2329,1296,3625,2262,926,41,71.5,1,0,0.0,232.0,714.56,7173.32
2025-06-30,SKU-1055,Deli,BC Lower Mainland DC 7,BC Lower Mainland,C,Offshore,1859,408,2267,2379,956,41,53.6,1,112,344.96,0.0,0.0,5725.72
2025-06-30,SKU-1055,Deli,BC Interior DC 8,BC Interior,C,Offshore,1313,328,1641,1852,802,41,51.2,1,211,649.88,0.0,0.0,4044.04
2025-06-30,SKU-1056,Deli,Ontario DC 1,Ontario,A,Offshore,1045,737,1782,1651,827,36,45.7,1,0,0.0,0.0,0.0,40378.8
2025-06-30,SKU-1056,Deli,Alberta DC 2,Alberta,A,Offshore,1006,358,1364,1808,808,36,36.2,1,444,17156.16,0.0,0.0,38871.84
2025-06-30,SKU-1056,Deli,Ontario DC 3,Ontario,A,Offshore,629,252,881,1141,576,36,40.1,1,260,10046.4,0.0,0.0,24304.56
2025-06-30,SKU-1056,Deli,BC Interior DC 4,BC Interior,A,Offshore,557,174,731,787,507,36,71.5,1,56,2163.84,0.0,0.0,21522.48
2025-06-30,SKU-1056,Deli,BC Interior DC 5,BC Interior,A,Offshore,1149,515,1664,1325,778,36,75.7,1,0,0.0,0.0,0.0,44397.36
2025-06-30,SKU-1056,Deli,Alberta DC 6,Alberta,A,Offshore,1169,782,1951,1624,794,36,50.7,1,0,0.0,0.0,0.0,45170.16
2025-06-30,SKU-1056,Deli,BC Lower Mainland DC 7,BC Lower Mainland,A,Offshore,2208,424,2632,2570,892,36,47.4,1,0,0.0,0.0,0.0,85317.12
2025-06-30,SKU-1056,Deli,BC Interior DC 8,BC Interior,A,Offshore,2130,703,2833,1331,741,36,130.1,1,0,0.0,836.5,32322.36,82303.2
2025-06-30,SKU-1057,Fresh Meat,Ontario DC 1,Ontario,B,Offshore,752,157,909,1084,787,33,83.4,1,175,2199.75,0.0,0.0,9452.64
2025-06-30,SKU-1057,Fresh Meat,Alberta DC 2,Alberta,B,Offshore,2330,935,3265,1485,830,33,117.3,1,0,0.0,1037.5,13041.38,29288.1
2025-06-30,SKU-1057,Fresh Meat,Ontario DC 3,Ontario,B,Offshore,786,508,1294,1246,701,33,47.6,1,0,0.0,0.0,0.0,9880.02
2025-06-30,SKU-1057,Fresh Meat,BC Interior DC 4,BC Interior,B,Offshore,884,452,1336,1584,720,33,33.8,1,248,3117.36,0.0,0.0,11111.88
2025-06-30,SKU-1057,Fresh Meat,BC Interior DC 5,BC Interior,B,Offshore,953,750,1703,1222,588,33,49.6,1,0,0.0,0.0,0.0,11979.21
2025-06-30,SKU-1057,Fresh Meat,Alberta DC 6,Alberta,B,Offshore,1584,922,2506,1262,644,33,84.6,1,0,0.0,613.0,7705.41,19910.88
2025-06-30,SKU-1057,Fresh Meat,BC Lower Mainland DC 7,BC Lower Mainland,B,Offshore,734,399,1133,1597,776,33,29.5,0,464,5832.48,0.0,0.0,9226.38
2025-06-30,SKU-1057,Fresh Meat,BC Interior DC 8,BC Interior,B,Offshore,1340,668,2008,1979,735,33,35.5,1,0,0.0,0.0,0.0,16843.8
2025-06-30,SKU-1058,Fresh Meat,Ontario DC 1,Ontario,A,Offshore,2130,869,2999,2093,932,46,84.4,1,0,0.0,0.0,0.0,72760.8
2025-06-30,SKU-1058,Fresh Meat,Alberta DC 2,Alberta,A,Offshore,1404,818,2222,1865,802,46,60.7,1,0,0.0,0.0,0.0,47960.64
2025-06-30,SKU-1058,Fresh Meat,Ontario DC 3,Ontario,A,Offshore,1309,423,1732,2894,1211,46,35.8,0,1162,39693.92,0.0,0.0,44715.44
2025-06-30,SKU-1058,Fresh Meat,BC Interior DC 4,BC Interior,A,Offshore,419,167,586,1403,838,46,34.1,0,817,27908.72,0.0,0.0,14313.04
2025-06-30,SKU-1058,Fresh Meat,BC Interior DC 5,BC Interior,A,Offshore,1079,688,1767,1980,924,46,47.0,1,213,7276.08,0.0,0.0,36858.64
2025-06-30,SKU-1058,Fresh Meat,Alberta DC 6,Alberta,A,Offshore,578,336,914,1086,549,46,49.5,1,172,5875.52,0.0,0.0,19744.48
2025-06-30,SKU-1058,Fresh Meat,BC Lower Mainland DC 7,BC Lower Mainland,A,Offshore,2115,414,2529,3280,1068,46,44.0,0,751,25654.16,0.0,0.0,72248.4
2025-06-30,SKU-1058,Fresh Meat,BC Interior DC 8,BC Interior,A,Offshore,1949,590,2539,2063,865,46,74.9,1,0,0.0,0.0,0.0,66577.84
2025-06-30,SKU-1059,Frozen,Ontario DC 1,Ontario,A,Offshore,2083,390,2473,1928,793,44,80.7,1,0,0.0,0.0,0.0,57636.61
2025-06-30,SKU-1059,Frozen,Alberta DC 2,Alberta,A,Offshore,423,188,611,1389,674,44,26.0,0,778,21527.26,0.0,0.0,11704.41
2025-06-30,SKU-1059,Frozen,Ontario DC 3,Ontario,A,Offshore,3052,706,3758,2351,762,44,84.5,1,0,0.0,231.5,6405.6,84448.84
2025-06-30,SKU-1059,Frozen,BC Interior DC 4,BC Interior,A,Offshore,843,317,1160,1395,738,44,56.4,1,235,6502.45,0.0,0.0,23325.81
2025-06-30,SKU-1059,Frozen,BC Interior DC 5,BC Interior,A,Offshore,1901,892,2793,2547,923,44,51.5,1,0,0.0,0.0,0.0,52600.67
2025-06-30,SKU-1059,Frozen,Alberta DC 6,Alberta,A,Offshore,2206,514,2720,2526,932,44,60.9,1,0,0.0,0.0,0.0,61040.02
2025-06-30,SKU-1059,Frozen,BC Lower Mainland DC 7,BC Lower Mainland,A,Offshore,1648,505,2153,1352,636,44,101.2,1,0,0.0,125.0,3458.75,45600.16
2025-06-30,SKU-1059,Frozen,BC Interior DC 8,BC Interior,A,Offshore,603,212,815,965,536,44,61.8,1,150,4150.5,0.0,0.0,16685.01
2025-06-30,SKU-1060,Seafood,Ontario DC 1,Ontario,B,Offshore,898,202,1100,1118,639,44,82.5,1,18,262.8,0.0,0.0,13110.8
2025-06-30,SKU-1060,Seafood,Alberta DC 2,Alberta,B,Offshore,1072,433,1505,1121,773,44,135.7,1,0,0.0,0.0,0.0,15651.2
2025-06-30,SKU-1060,Seafood,Ontario DC 3,Ontario,B,Offshore,850,392,1242,1766,891,44,42.7,0,524,7650.4,0.0,0.0,12410.0
2025-06-30,SKU-1060,Seafood,BC Interior DC 4,BC Interior,B,Offshore,1998,911,2909,2112,900,44,72.5,1,0,0.0,0.0,0.0,29170.8
2025-06-30,SKU-1060,Seafood,BC Interior DC 5,BC Interior,B,Offshore,667,308,975,2322,970,44,21.7,0,1347,19666.2,0.0,0.0,9738.2
2025-06-30,SKU-1060,Seafood,Alberta DC 6,Alberta,B,Offshore,1090,196,1286,2529,986,44,31.1,0,1243,18147.8,0.0,0.0,15914.0
2025-06-30,SKU-1060,Seafood,BC Lower Mainland DC 7,BC Lower Mainland,B,Offshore,959,467,1426,2219,775,44,29.2,0,793,11577.8,0.0,0.0,14001.4
2025-06-30,SKU-1060,Seafood,BC Interior DC 8,BC Interior,B,Offshore,719,402,1121,1146,519,44,50.5,1,25,365.0,0.0,0.0,10497.4
