product_id,warehouse_id,abc_class,avg_daily_demand,demand_sigma,lead_days,lead_sigma,sigma_dl,unit_cost,unit_price,replenishment_qty,demand_weight,revenue_weight,z_current,z_ladder,z_optimal_units,z_optimal_revenue
1,1,A,22.102,54.642,42,7.0,386.44255,29.95,39.64,3495.27451,0.00198,0.00279,1.645,1.7587,0.84185,1.01556
1,2,A,19.436,77.532,42,7.0,520.55836,29.95,39.64,3495.27451,0.00175,0.00246,1.645,1.7587,0.8416,0.93006
1,3,A,15.557,56.3,42,7.0,380.77024,29.95,39.64,3495.27451,0.0014,0.00197,1.645,1.7587,0.8416,0.8416
1,4,A,29.297,57.066,42,7.0,422.88484,29.95,39.64,3495.27451,0.00263,0.0037,1.645,1.7587,1.03286,1.19076
1,5,A,29.923,71.16,42,7.0,506.50886,29.95,39.64,3495.27451,0.00269,0.00378,1.645,1.7587,1.04644,1.20331
1,6,A,11.597,67.721,42,7.0,446.32684,29.95,39.64,3495.27451,0.00104,0.00147,1.645,1.7587,0.8416,0.8416
1,7,A,23.469,68.968,42,7.0,476.19899,29.95,39.64,3495.27451,0.00211,0.00297,1.645,1.7587,0.88421,1.0542
1,8,A,29.53,63.811,42,7.0,462.32722,29.95,39.64,3495.27451,0.00265,0.00373,1.645,1.7587,1.03796,1.19547
2,1,C,9.717,51.924,48,8.0,368.04316,4.68,6.5,671.35088,0.00087,0.0002,1.645,0.98651,2.20722,1.51808
2,2,C,22.68,55.541,48,8.0,425.43037,4.68,6.5,671.35088,0.00204,0.00047,1.645,0.98651,2.52119,1.91677
2,3,C,24.345,71.453,48,8.0,531.97458,4.68,6.5,671.35088,0.00219,0.0005,1.645,0.98651,2.54602,1.9474
2,4,C,24.992,56.118,48,8.0,437.19268,4.68,6.5,671.35088,0.00224,0.00052,1.645,0.98651,2.55516,1.95865
2,5,C,24.836,57.126,48,8.0,442.85342,4.68,6.5,671.35088,0.00223,0.00051,1.645,0.98651,2.55298,1.95597
2,6,C,22.311,69.049,48,8.0,510.59833,4.68,6.5,671.35088,0.002,0.00046,1.645,0.98651,2.51542,1.90963
2,7,C,34.985,79.781,48,8.0,619.55887,4.68,6.5,671.35088,0.00314,0.00072,1.645,0.98651,2.67013,2.09887
2,8,C,21.171,91.101,48,8.0,653.49548,4.68,6.5,671.35088,0.0019,0.00044,1.645,0.98651,2.49687,1.88666
3,1,A,28.948,66.633,30,4.0,382.89227,29.57,41.55,397.17391,0.0026,0.00383,1.645,1.7587,2.11709,2.23648
3,2,A,40.749,73.803,30,4.0,435.86028,29.57,41.55,397.17391,0.00366,0.0054,1.645,1.7587,2.25183,2.36588
3,3,A,21.067,70.208,30,4.0,393.6699,29.57,41.55,397.17391,0.00189,0.00279,1.645,1.7587,1.98571,2.11077
3,4,A,15.648,78.909,30,4.0,436.71119,29.57,41.55,397.17391,0.00141,0.00207,1.645,1.7587,1.85662,1.98774
3,5,A,36.147,82.4,30,4.0,473.91823,29.57,41.55,397.17391,0.00325,0.00479,1.645,1.7587,2.20533,2.32117
3,6,A,23.318,67.132,30,4.0,379.34263,29.57,41.55,397.17391,0.00209,0.00309,1.645,1.7587,2.02837,2.15154
3,7,A,25.976,86.106,30,4.0,482.93202,29.57,41.55,397.17391,0.00233,0.00344,1.645,1.7587,2.07301,2.19425
4,1,B,22.053,65.066,40,7.0,439.51539,13.91,18.17,1645.12,0.00198,0.00128,1.645,1.34981,1.70816,1.44631
4,2,B,27.712,69.914,40,7.0,482.85452,13.91,18.17,1645.12,0.00249,0.00161,1.645,1.34981,1.81375,1.56387
4,3,B,19.793,75.188,40,7.0,495.30374,13.91,18.17,1645.12,0.00178,0.00115,1.645,1.34981,1.65656,1.38845
4,4,B,20.577,71.905,40,7.0,477.03291,13.91,18.17,1645.12,0.00185,0.00119,1.645,1.34981,1.67522,1.40941
4,5,B,14.701,58.451,40,7.0,383.73249,13.91,18.17,1645.12,0.00132,0.00085,1.645,1.34981,1.50853,1.22083
4,6,B,24.502,59.881,40,7.0,415.74802,13.91,18.17,1645.12,0.0022,0.00142,1.645,1.34981,1.7574,1.50126
4,7,B,23.53,92.178,40,7.0,605.80585,13.91,18.17,1645.12,0.00211,0.00136,1.645,1.34981,1.73859,1.4803
4,8,B,21.085,86.527,40,7.0,566.79904,13.91,18.17,1645.12,0.00189,0.00122,1.645,1.34981,1.68687,1.42247
5,1,B,13.638,51.616,36,6.0,320.32395,17.49,20.83,1600.85246,0.00122,0.00091,1.645,1.34981,1.36159,1.1369
5,2,B,34.056,82.98,36,6.0,538.17998,17.49,20.83,1600.85246,0.00306,0.00226,1.645,1.34981,1.81574,1.63357
5,3,B,7.36,59.796,36,6.0,361.4835,17.49,20.83,1600.85246,0.00066,0.00049,1.645,1.34981,0.99205,0.8416
5,4,B,10.954,50.14,36,6.0,307.93563,17.49,20.83,1600.85246,0.00098,0.00073,1.645,1.34981,1.23778,0.99816
5,5,B,11.886,53.429,36,6.0,328.41081,17.49,20.83,1600.85246,0.00107,0.00079,1.645,1.34981,1.28476,1.05102
5,6,B,30.903,64.525,36,6.0,429.26094,17.49,20.83,1600.85246,0.00278,0.00205,1.645,1.34981,1.77141,1.58577
5,7,B,28.8,67.367,36,6.0,439.58969,17.49,20.83,1600.85246,0.00259,0.00191,1.645,1.34981,1.73876,1.55048
5,8,B,5.481,52.43,36,6.0,316.29427,17.49,20.83,1600.85246,0.00049,0.00036,1.645,1.34981,0.8416,0.8416
6,1,A,17.981,54.38,45,7.0,385.8961,25.69,32.67,215.58824,0.00161,0.00187,1.645,1.7587,2.22614,2.25001
6,2,A,19.567,56.145,45,7.0,400.76459,25.69,32.67,215.58824,0.00176,0.00204,1.645,1.7587,2.25878,2.28238
6,3,A,26.718,77.793,45,7.0,554.35324,25.69,32.67,215.58824,0.0024,0.00278,1.645,1.7587,2.37601,2.3987
6,4,A,26.954,66.139,45,7.0,482.12645,25.69,32.67,215.58824,0.00242,0.00281,1.645,1.7587,2.37925,2.40192
6,5,A,37.746,79.383,45,7.0,594.46446,25.69,32.67,215.58824,0.00339,0.00393,1.645,1.7587,2.5009,2.52268
6,6,A,5.997,46.545,45,7.0,315.0427,25.69,32.67,215.58824,0.00054,0.00062,1.645,1.7587,1.76258,1.79093
6,7,A,39.137,69.126,45,7.0,538.59234,25.69,32.67,215.58824,0.00351,0.00408,1.645,1.7587,2.51369,2.53538
6,8,A,25.204,63.167,45,7.0,458.99889,25.69,32.67,215.58824,0.00226,0.00263,1.645,1.7587,2.35441,2.37726
7,1,A,14.302,63.25,31,5.0,359.34818,28.01,36.08,365.73214,0.00128,0.00165,1.645,1.7587,1.87733,1.94746
7,2,A,21.088,64.132,31,5.0,372.31426,28.01,36.08,365.73214,0.00189,0.00243,1.645,1.7587,2.0434,2.10936
7,3,A,6.664,54.933,31,5.0,307.6636,28.01,36.08,365.73214,0.0006,0.00077,1.645,1.7587,1.51496,1.59602
7,4,A,34.657,63.485,31,5.0,393.66025,28.01,36.08,365.73214,0.00311,0.00399,1.645,1.7587,2.24209,2.30361
7,5,A,30.487,72.769,31,5.0,432.88749,28.01,36.08,365.73214,0.00274,0.00351,1.645,1.7587,2.19215,2.25473
7,6,A,41.939,71.524,31,5.0,450.06461,28.01,36.08,365.73214,0.00377,0.00482,1.645,1.7587,2.31483,2.37486
7,7,A,11.455,69.884,31,5.0,393.29048,28.01,36.08,365.73214,0.00103,0.00132,1.645,1.7587,1.7774,1.85027
7,8,A,11.73,62.424,31,5.0,352.47589,28.01,36.08,365.73214,0.00105,0.00135,1.645,1.7587,1.78827,1.86083
8,1,A,15.025,55.04,35,6.0,337.86991,23.62,30.06,2248.38596,0.00135,0.00144,1.645,1.7587,1.03985,1.02596
8,2,A,21.767,73.445,35,6.0,453.71,23.62,30.06,2248.38596,0.00195,0.00209,1.645,1.7587,1.26469,1.25228
8,3,A,18.762,54.547,35,6.0,341.77564,23.62,30.06,2248.38596,0.00168,0.0018,1.645,1.7587,1.17756,1.16461
8,4,A,33.879,70.184,35,6.0,462.30196,23.62,30.06,2248.38596,0.00304,0.00325,1.645,1.7587,1.50493,1.49381
8,5,A,17.804,53.968,35,6.0,336.67558,23.62,30.06,2248.38596,0.0016,0.00171,1.645,1.7587,1.14591,1.13276
8,6,A,27.545,58.703,35,6.0,384.61104,23.62,30.06,2248.38596,0.00247,0.00264,1.645,1.7587,1.3958,1.38413
8,7,A,18.37,91.468,35,6.0,552.24295,23.62,30.06,2248.38596,0.00165,0.00176,1.645,1.7587,1.16487,1.15184
8,8,A,18.537,72.535,35,6.0,443.3021,23.62,30.06,2248.38596,0.00166,0.00178,1.645,1.7587,1.17032,1.15732
9,1,B,36.204,71.76,42,7.0,529.6269,11.54,15.51,1168.29787,0.00325,0.00179,1.645,1.34981,2.15146,1.86443
9,2,B,12.087,58.242,42,7.0,386.818,11.54,15.51,1168.29787,0.00109,0.0006,1.645,1.34981,1.67379,1.32104
9,3,B,28.931,77.345,42,7.0,540.61779,11.54,15.51,1168.29787,0.0026,0.00143,1.645,1.34981,2.06058,1.76293
9,4,B,12.061,63.402,42,7.0,419.47597,11.54,15.51,1168.29787,0.00108,0.0006,1.645,1.34981,1.67276,1.31983
9,5,B,40.64,60.795,42,7.0,485.96524,11.54,15.51,1168.29787,0.00365,0.00201,1.645,1.34981,2.19717,1.91522
9,6,B,34.024,85.02,42,7.0,600.26395,11.54,15.51,1168.29787,0.00306,0.00168,1.645,1.34981,2.12659,1.83673
9,7,B,14.38,65.245,42,7.0,434.65234,11.54,15.51,1168.29787,0.00129,0.00071,1.645,1.34981,1.75561,1.41608
9,8,B,13.647,50.548,42,7.0,341.23306,11.54,15.51,1168.29787,0.00123,0.00067,1.645,1.34981,1.73125,1.38789
10,1,A,24.298,66.203,47,8.0,493.73929,36.6,45.46,422.16949,0.00218,0.00352,1.645,1.7587,1.92935,2.09385
10,2,A,16.773,74.682,47,8.0,529.28555,36.6,45.46,422.16949,0.00151,0.00243,1.645,1.7587,1.76375,1.93862
10,3,A,21.818,55.385,47,8.0,417.89715,36.6,45.46,422.16949,0.00196,0.00316,1.645,1.7587,1.88234,2.04967
10,4,A,20.28,66.861,47,8.0,486.24099,36.6,45.46,422.16949,0.00182,0.00294,1.645,1.7587,1.84992,2.01926
10,5,A,21.507,71.89,47,8.0,522.02237,36.6,45.46,422.16949,0.00193,0.00312,1.645,1.7587,1.876,2.04372
10,6,A,36.515,67.591,47,8.0,547.77334,36.6,45.46,422.16949,0.00328,0.00529,1.645,1.7587,2.10004,2.25493
10,7,A,29.796,62.304,47,8.0,489.14554,36.6,45.46,422.16949,0.00268,0.00432,1.645,1.7587,2.01618,2.17566
10,8,A,8.631,67.81,47,8.0,469.98175,36.6,45.46,422.16949,0.00078,0.00125,1.645,1.7587,1.43551,1.63467
11,2,A,45.459,79.481,35,6.0,543.59707,23.0,28.16,761.51923,0.00408,0.00408,1.645,1.7587,2.13785,2.10284
11,3,A,19.261,68.334,35,6.0,420.46313,23.0,28.16,761.51923,0.00173,0.00173,1.645,1.7587,1.76973,1.7294
11,4,A,22.949,69.176,35,6.0,431.7937,23.0,28.16,761.51923,0.00206,0.00206,1.645,1.7587,1.84916,1.8101
11,5,A,24.805,61.459,35,6.0,392.87743,23.0,28.16,761.51923,0.00223,0.00223,1.645,1.7587,1.88364,1.84511
11,6,A,44.774,71.25,35,6.0,499.84926,23.0,28.16,761.51923,0.00402,0.00402,1.645,1.7587,2.13176,2.09667
11,7,A,22.665,64.069,35,6.0,402.69414,23.0,28.16,761.51923,0.00204,0.00203,1.645,1.7587,1.84359,1.80445
11,8,A,19.354,90.847,35,6.0,549.85998,23.0,28.16,761.51923,0.00174,0.00174,1.645,1.7587,1.77194,1.73165
12,1,A,29.13,79.965,18,3.0,350.33731,37.73,52.62,3441.26415,0.00262,0.00489,1.645,1.7587,0.88472,1.22745
12,2,A,22.814,73.96,18,3.0,321.16316,37.73,52.62,3441.26415,0.00205,0.00383,1.645,1.7587,0.8416,1.07928
12,3,A,22.806,71.116,18,3.0,309.37964,37.73,52.62,3441.26415,0.00205,0.00383,1.645,1.7587,0.8416,1.07906
12,4,A,35.358,67.922,18,3.0,307.07142,37.73,52.62,3441.26415,0.00318,0.00593,1.645,1.7587,1.01517,1.3378
12,5,A,15.093,55.93,18,3.0,241.57226,37.73,52.62,3441.26415,0.00136,0.00253,1.645,1.7587,0.8416,0.8416
12,6,A,25.898,73.977,18,3.0,323.33125,37.73,52.62,3441.26415,0.00233,0.00434,1.645,1.7587,0.8416,1.15751
12,7,A,29.63,61.771,18,3.0,276.73678,37.73,52.62,3441.26415,0.00266,0.00497,1.645,1.7587,0.89656,1.23738
12,8,A,21.576,60.143,18,3.0,263.24696,37.73,52.62,3441.26415,0.00194,0.00362,1.645,1.7587,0.8416,1.04385
13,1,C,27.73,78.87,28,4.0,431.82936,9.85,11.73,756.31667,0.00249,0.00104,1.645,0.98651,2.27876,1.88529
13,2,C,19.975,70.814,28,4.0,383.13632,9.85,11.73,756.31667,0.00179,0.00075,1.645,0.98651,2.15086,1.73666
13,3,C,33.817,74.972,28,4.0,419.14181,9.85,11.73,756.31667,0.00304,0.00126,1.645,0.98651,2.35348,1.97121
13,4,C,23.465,64.151,28,4.0,352.19245,9.85,11.73,756.31667,0.00211,0.00088,1.645,0.98651,2.21436,1.81071
13,5,C,10.343,64.195,28,4.0,342.19817,9.85,11.73,756.31667,0.00093,0.00039,1.645,0.98651,1.87488,1.40767
13,6,C,23.22,75.048,28,4.0,407.83374,9.85,11.73,756.31667,0.00209,0.00087,1.645,0.98651,2.21027,1.80595
13,7,C,27.282,86.781,28,4.0,471.99078,9.85,11.73,756.31667,0.00245,0.00102,1.645,0.98651,2.27254,1.87811
13,8,C,20.245,58.114,28,4.0,317.99433,9.85,11.73,756.31667,0.00182,0.00076,1.645,0.98651,2.15621,1.74292
14,1,A,41.852,62.805,42,8.0,527.03834,22.74,30.04,3899.5098,0.00376,0.00401,1.645,1.7587,1.34421,1.33189
14,2,A,12.183,46.595,42,8.0,317.30928,22.74,30.04,3899.5098,0.00109,0.00117,1.645,1.7587,0.8416,0.8416
14,3,A,26.971,61.421,42,8.0,452.77199,22.74,30.04,3899.5098,0.00242,0.00258,1.645,1.7587,1.08578,1.0718
14,4,A,11.566,63.029,42,8.0,418.82327,22.74,30.04,3899.5098,0.00104,0.00111,1.645,1.7587,0.8416,0.8416
14,5,A,23.28,83.442,42,8.0,571.93808,22.74,30.04,3899.5098,0.00209,0.00223,1.645,1.7587,0.99121,0.97652
14,6,A,30.925,93.424,42,8.0,654.05244,22.74,30.04,3899.5098,0.00278,0.00296,1.645,1.7587,1.16979,1.15639
14,7,A,6.055,54.749,42,8.0,358.10538,22.74,30.04,3899.5098,0.00054,0.00058,1.645,1.7587,0.8416,0.8416
14,8,A,25.769,83.798,42,8.0,580.88471,22.74,30.04,3899.5098,0.00231,0.00247,1.645,1.7587,1.05698,1.04278
15,1,B,22.721,69.872,17,3.0,296.04363,13.61,16.6,436.38462,0.00204,0.0012,1.645,1.34981,2.28918,2.04522
15,2,B,33.93,85.422,17,3.0,366.61807,13.61,16.6,436.38462,0.00305,0.0018,1.645,1.34981,2.43777,2.20657
15,3,B,26.385,77.776,17,3.0,330.30337,13.61,16.6,436.38462,0.00237,0.0014,1.645,1.34981,2.34545,2.10648
15,4,B,19.616,60.287,17,3.0,255.44073,13.61,16.6,436.38462,0.00176,0.00104,1.645,1.34981,2.2328,1.98363
15,5,B,9.961,69.457,17,3.0,287.93344,13.61,16.6,436.38462,0.00089,0.00053,1.645,1.34981,1.95707,1.67906
15,6,B,5.597,61.634,17,3.0,254.67761,13.61,16.6,436.38462,0.0005,0.0003,1.645,1.34981,1.69758,1.38595
15,7,B,33.676,74.402,17,3.0,322.97498,13.61,16.6,436.38462,0.00302,0.00178,1.645,1.34981,2.43505,2.20363
15,8,B,43.913,87.83,17,3.0,385.35051,13.61,16.6,436.38462,0.00394,0.00232,1.645,1.34981,2.52962,2.3057
16,1,C,21.742,78.997,47,8.0,568.82199,9.95,11.75,1900.69767,0.00195,0.00081,1.645,0.98651,1.79011,1.30479
16,2,C,55.21,92.799,47,8.0,774.48627,9.95,11.75,1900.69767,0.00496,0.00207,1.645,0.98651,2.18458,1.77683
16,3,C,15.237,71.881,47,8.0,507.64349,9.95,11.75,1900.69767,0.00137,0.00057,1.645,0.98651,1.62207,1.09408
16,4,C,19.098,56.238,47,8.0,414.71731,9.95,11.75,1900.69767,0.00172,0.00072,1.645,0.98651,1.73015,1.23042
16,5,C,16.976,46.402,47,8.0,345.89255,9.95,11.75,1900.69767,0.00152,0.00064,1.645,0.98651,1.67439,1.16047
16,6,C,15.625,66.792,47,8.0,474.65782,9.95,11.75,1900.69767,0.0014,0.00059,1.645,0.98651,1.63434,1.10973
16,7,C,14.046,72.676,47,8.0,510.75553,9.95,11.75,1900.69767,0.00126,0.00053,1.645,0.98651,1.58189,1.04257
16,8,C,39.386,66.883,47,8.0,556.35171,9.95,11.75,1900.69767,0.00354,0.00148,1.645,0.98651,2.04822,1.61658
17,1,A,19.427,60.818,42,7.0,416.94584,32.13,42.59,329.29091,0.00174,0.00264,1.645,1.7587,1.99558,2.13015
17,2,A,34.079,58.416,42,7.0,447.47017,32.13,42.59,329.29091,0.00306,0.00463,1.645,1.7587,2.22307,2.34745
17,3,A,2.068,95.207,42,7.0,617.18167,32.13,42.59,329.29091,0.00019,0.00028,1.645,1.7587,0.8416,1.01208
17,4,A,30.327,80.405,42,7.0,562.66785,32.13,42.59,329.29091,0.00272,0.00412,1.645,1.7587,2.17736,2.30367
17,5,A,24.723,78.542,42,7.0,537.62592,32.13,42.59,329.29091,0.00222,0.00336,1.645,1.7587,2.09546,2.22538
17,6,A,14.468,55.39,42,7.0,372.98125,32.13,42.59,329.29091,0.0013,0.00196,1.645,1.7587,1.86817,2.00912
17,7,A,26.008,67.66,42,7.0,474.77907,32.13,42.59,329.29091,0.00234,0.00353,1.645,1.7587,2.116,2.24499
17,8,A,45.031,75.369,42,7.0,581.32794,32.13,42.59,329.29091,0.00404,0.00611,1.645,1.7587,2.32943,2.44951
18,1,A,19.792,51.21,41,7.0,355.97116,36.81,50.95,3644.68627,0.00178,0.00321,1.645,1.7587,0.8416,0.94434
18,2,A,13.01,56.983,41,7.0,376.06289,36.81,50.95,3644.68627,0.00117,0.00211,1.645,1.7587,0.8416,0.8416
18,3,A,37.33,75.472,41,7.0,549.38133,36.81,50.95,3644.68627,0.00335,0.00606,1.645,1.7587,1.02913,1.33184
18,4,A,34.697,75.961,41,7.0,543.65727,36.81,50.95,3644.68627,0.00312,0.00564,1.645,1.7587,0.9813,1.29074
18,5,A,20.732,56.713,41,7.0,391.0651,36.81,50.95,3644.68627,0.00186,0.00337,1.645,1.7587,0.8416,0.97541
18,6,A,24.587,59.757,41,7.0,419.55735,36.81,50.95,3644.68627,0.00221,0.00399,1.645,1.7587,0.8416,1.08547
18,7,A,24.131,64.758,41,7.0,447.73931,36.81,50.95,3644.68627,0.00217,0.00392,1.645,1.7587,0.8416,1.07369
18,8,A,20.412,60.519,41,7.0,413.01375,36.81,50.95,3644.68627,0.00183,0.00332,1.645,1.7587,0.8416,0.96505
19,1,B,14.783,64.371,34,6.0,385.682,14.16,17.81,3200.37255,0.00133,0.00084,1.645,1.34981,1.12921,0.8416
19,2,B,21.001,51.87,34,6.0,327.64982,14.16,17.81,3200.37255,0.00189,0.00119,1.645,1.34981,1.33407,1.00648
19,3,B,29.984,72.776,34,6.0,460.91346,14.16,17.81,3200.37255,0.00269,0.0017,1.645,1.34981,1.52363,1.22638
19,4,B,23.987,53.572,34,6.0,343.93626,14.16,17.81,3200.37255,0.00215,0.00136,1.645,1.34981,1.40675,1.09145
19,5,B,21.43,62.223,34,6.0,384.92944,14.16,17.81,3200.37255,0.00192,0.00122,1.645,1.34981,1.34529,1.01965
19,6,B,28.025,81.682,34,6.0,505.09474,14.16,17.81,3200.37255,0.00252,0.00159,1.645,1.34981,1.48888,1.18647
19,7,B,16.167,71.859,34,6.0,430.08805,14.16,17.81,3200.37255,0.00145,0.00092,1.645,1.34981,1.18339,0.8416
19,8,B,23.602,70.486,34,6.0,434.71295,14.16,17.81,3200.37255,0.00212,0.00134,1.645,1.34981,1.39803,1.08131
20,1,B,13.486,62.62,32,4.0,358.31608,20.21,24.43,791.2381,0.00121,0.00105,1.645,1.34981,1.64433,1.53063
20,2,B,15.936,57.525,32,4.0,331.59511,20.21,24.43,791.2381,0.00143,0.00124,1.645,1.34981,1.72395,1.61408
20,3,B,15.95,62.482,32,4.0,359.16354,20.21,24.43,791.2381,0.00143,0.00124,1.645,1.34981,1.72436,1.61451
20,4,B,14.828,57.992,32,4.0,333.37099,20.21,24.43,791.2381,0.00133,0.00115,1.645,1.34981,1.6899,1.57842
20,5,B,18.67,81.874,32,4.0,469.1315,20.21,24.43,791.2381,0.00168,0.00145,1.645,1.34981,1.79715,1.6906
20,6,B,31.689,74.143,32,4.0,438.15178,20.21,24.43,791.2381,0.00285,0.00247,1.645,1.34981,2.02758,1.93035
20,7,B,23.748,68.005,32,4.0,396.24896,20.21,24.43,791.2381,0.00213,0.00185,1.645,1.34981,1.90447,1.80246
20,8,B,36.648,70.041,32,4.0,422.46059,20.21,24.43,791.2381,0.00329,0.00285,1.645,1.34981,2.08755,1.99251
21,1,A,14.997,71.716,41,7.0,471.05325,23.55,32.15,1174.81818,0.00135,0.00154,1.645,1.7587,1.4195,1.44379
21,2,A,6.044,56.957,41,7.0,367.14855,23.55,32.15,1174.81818,0.00054,0.00062,1.645,1.7587,0.86604,0.89794
21,3,A,38.219,75.245,41,7.0,551.09719,23.55,32.15,1174.81818,0.00343,0.00392,1.645,1.7587,1.87265,1.89277
21,4,A,34.55,74.658,41,7.0,535.74053,23.55,32.15,1174.81818,0.0031,0.00354,1.645,1.7587,1.82762,1.84809
21,5,A,16.628,66.904,41,7.0,443.92565,23.55,32.15,1174.81818,0.00149,0.0017,1.645,1.7587,1.47402,1.49773
21,6,A,15.923,78.869,41,7.0,517.1621,23.55,32.15,1174.81818,0.00143,0.00163,1.645,1.7587,1.45131,1.47525
21,7,A,26.383,73.542,41,7.0,505.81867,23.55,32.15,1174.81818,0.00237,0.0027,1.645,1.7587,1.70318,1.7247
21,8,A,28.939,65.772,41,7.0,467.33287,23.55,32.15,1174.81818,0.0026,0.00297,1.645,1.7587,1.74655,1.7677
22,1,A,35.143,78.961,44,8.0,594.45344,18.53,21.98,329.04255,0.00316,0.00246,1.645,1.7587,2.44098,2.31765
22,2,A,28.618,78.497,44,8.0,568.80017,18.53,21.98,329.04255,0.00257,0.00201,1.645,1.7587,2.36588,2.23932
22,3,A,19.105,83.672,44,8.0,575.67719,18.53,21.98,329.04255,0.00172,0.00134,1.645,1.7587,2.21233,2.07863
22,4,A,42.872,67.724,44,8.0,565.1905,18.53,21.98,329.04255,0.00385,0.003,1.645,1.7587,2.51194,2.39153
22,5,A,8.332,62.265,44,8.0,418.36342,18.53,21.98,329.04255,0.00075,0.00058,1.645,1.7587,1.86786,1.71507
22,6,A,30.138,77.363,44,8.0,566.98556,18.53,21.98,329.04255,0.00271,0.00211,1.645,1.7587,2.38498,2.25925
22,7,A,13.599,66.68,44,8.0,455.48818,18.53,21.98,329.04255,0.00122,0.00095,1.645,1.7587,2.07645,1.93578
22,8,A,14.678,65.937,44,8.0,452.86495,18.53,21.98,329.04255,0.00132,0.00103,1.645,1.7587,2.10755,1.96853
23,1,A,31.696,74.421,44,8.0,554.96854,20.33,26.74,2331.90476,0.00285,0.0027,1.645,1.7587,1.52895,1.45725
23,2,A,18.671,70.867,44,8.0,493.23888,20.33,26.74,2331.90476,0.00168,0.00159,1.645,1.7587,1.24165,1.15955
23,3,A,8.29,70.302,44,8.0,471.02301,20.33,26.74,2331.90476,0.00074,0.00071,1.645,1.7587,0.8416,0.8416
23,4,A,21.581,71.733,44,8.0,506.17661,20.33,26.74,2331.90476,0.00194,0.00184,1.645,1.7587,1.32412,1.24528
23,5,A,37.083,79.733,44,8.0,606.40992,20.33,26.74,2331.90476,0.00333,0.00316,1.645,1.7587,1.60756,1.5383
23,6,A,15.93,56.137,44,8.0,393.57454,20.33,26.74,2331.90476,0.00143,0.00136,1.645,1.7587,1.14731,1.0612
23,7,A,16.566,87.288,44,8.0,593.97664,20.33,26.74,2331.90476,0.00149,0.00141,1.645,1.7587,1.17098,1.08591
23,8,A,44.156,100.487,44,8.0,754.37404,20.33,26.74,2331.90476,0.00397,0.00376,1.645,1.7587,1.69201,1.62521
24,1,A,31.869,69.934,28,4.0,391.3969,17.89,24.35,162.17308,0.00286,0.00247,1.645,1.7587,2.66556,2.58652
24,2,A,19.031,60.606,28,4.0,329.60781,17.89,24.35,162.17308,0.00171,0.00148,1.645,1.7587,2.48732,2.40359
24,3,A,22.498,56.717,28,4.0,313.32007,17.89,24.35,162.17308,0.00202,0.00175,1.645,1.7587,2.54629,2.46417
24,4,A,31.383,64.127,28,4.0,361.80368,17.89,24.35,162.17308,0.00282,0.00244,1.645,1.7587,2.66039,2.58122
24,5,A,31.702,61.589,28,4.0,349.69988,17.89,24.35,162.17308,0.00285,0.00246,1.645,1.7587,2.6638,2.58471
24,6,A,17.584,55.586,28,4.0,302.42627,17.89,24.35,162.17308,0.00158,0.00137,1.645,1.7587,2.45907,2.37454
24,7,A,17.069,64.826,28,4.0,349.75577,17.89,24.35,162.17308,0.00153,0.00133,1.645,1.7587,2.44838,2.36354
24,8,A,14.284,56.448,28,4.0,304.11029,17.89,24.35,162.17308,0.00128,0.00111,1.645,1.7587,2.38352,2.2968
25,1,A,8.761,42.043,27,4.0,221.25473,35.52,47.24,967.27778,0.00079,0.00132,1.645,1.7587,0.97192,1.2392
25,2,A,17.219,81.378,27,4.0,428.42518,35.52,47.24,967.27778,0.00155,0.00259,1.645,1.7587,1.37717,1.60031
25,3,A,33.884,71.5,27,4.0,395.47536,35.52,47.24,967.27778,0.00304,0.0051,1.645,1.7587,1.71904,1.91369
25,4,A,29.841,75.055,27,4.0,407.85487,35.52,47.24,967.27778,0.00268,0.00449,1.645,1.7587,1.65856,1.85777
25,5,A,39.235,84.306,27,4.0,465.33075,35.52,47.24,967.27778,0.00352,0.00591,1.645,1.7587,1.78704,1.97676
25,6,A,20.117,85.497,27,4.0,451.48422,35.52,47.24,967.27778,0.00181,0.00303,1.645,1.7587,1.46036,1.67594
25,7,A,33.916,77.159,27,4.0,423.26059,35.52,47.24,967.27778,0.00305,0.00511,1.645,1.7587,1.71949,1.9141
25,8,A,19.117,64.823,27,4.0,345.40112,35.52,47.24,967.27778,0.00172,0.00288,1.645,1.7587,1.43343,1.65141
26,1,A,10.868,59.863,30,4.0,330.75244,19.62,24.18,551.14815,0.00098,0.00084,1.645,1.7587,1.72792,1.61318
26,2,A,24.655,66.049,30,4.0,374.96669,19.62,24.18,551.14815,0.00221,0.0019,1.645,1.7587,2.08545,1.98598
26,3,A,21.994,57.528,30,4.0,327.14507,19.62,24.18,551.14815,0.00198,0.0017,1.645,1.7587,2.03841,1.93715
26,4,A,21.334,51.749,30,4.0,296.00845,19.62,24.18,551.14815,0.00192,0.00164,1.645,1.7587,2.02573,1.92397
26,5,A,39.509,81.162,30,4.0,471.79814,19.62,24.18,551.14815,0.00355,0.00305,1.645,1.7587,2.27166,2.17873
26,6,A,39.659,65.671,30,4.0,393.12312,19.62,24.18,551.14815,0.00356,0.00306,1.645,1.7587,2.2731,2.18022
26,7,A,34.891,87.875,30,4.0,501.13729,19.62,24.18,551.14815,0.00313,0.00269,1.645,1.7587,2.22374,2.12921
26,8,A,12.472,54.681,30,4.0,303.62669,19.62,24.18,551.14815,0.00112,0.00096,1.645,1.7587,1.79158,1.67987
27,1,C,17.117,70.095,43,7.0,475.00409,7.08,8.96,2022.0,0.00154,0.00049,1.645,0.98651,1.80798,1.16988
27,2,C,21.143,60.522,43,7.0,423.56762,7.08,8.96,2022.0,0.0019,0.0006,1.645,0.98651,1.90205,1.29315
27,3,C,13.772,82.994,43,7.0,552.70056,7.08,8.96,2022.0,0.00124,0.00039,1.645,0.98651,1.70734,1.03464
27,4,C,41.255,58.489,43,7.0,480.10227,7.08,8.96,2022.0,0.00371,0.00118,1.645,0.98651,2.17947,1.64278
27,5,C,14.22,71.26,43,7.0,477.76739,7.08,8.96,2022.0,0.00128,0.00041,1.645,0.98651,1.72241,1.05514
27,6,C,23.492,65.165,43,7.0,457.86499,7.08,8.96,2022.0,0.00211,0.00067,1.645,0.98651,1.94772,1.35204
27,7,C,11.722,66.245,43,7.0,442.07925,7.08,8.96,2022.0,0.00105,0.00033,1.645,0.98651,1.62997,0.92792
27,8,C,24.775,67.628,43,7.0,476.1709,7.08,8.96,2022.0,0.00223,0.00071,1.645,0.98651,1.97047,1.38116
28,1,A,37.453,70.812,16,3.0,304.7195,26.79,31.62,151.36538,0.00336,0.00378,1.645,1.7587,2.60674,2.61667
28,2,A,16.902,70.706,16,3.0,287.33345,26.79,31.62,151.36538,0.00152,0.0017,1.645,1.7587,2.32158,2.33248
28,3,A,11.816,54.723,16,3.0,221.7437,26.79,31.62,151.36538,0.00106,0.00119,1.645,1.7587,2.18384,2.19527
28,4,A,11.891,67.374,16,3.0,271.84675,26.79,31.62,151.36538,0.00107,0.0012,1.645,1.7587,2.18634,2.19775
28,5,A,16.448,73.564,16,3.0,298.36458,26.79,31.62,151.36538,0.00148,0.00166,1.645,1.7587,2.31133,2.32227
28,6,A,28.336,73.55,16,3.0,306.2352,26.79,31.62,151.36538,0.00254,0.00286,1.645,1.7587,2.50974,2.51998
28,7,A,16.857,51.481,16,3.0,212.04273,26.79,31.62,151.36538,0.00151,0.0017,1.645,1.7587,2.32058,2.33148
28,8,A,28.381,77.832,16,3.0,322.76068,26.79,31.62,151.36538,0.00255,0.00286,1.645,1.7587,2.5103,2.52054
29,1,C,27.97,74.504,44,7.0,531.57403,8.67,11.34,345.125,0.00251,0.00101,1.645,0.98651,2.61084,2.24978
29,2,C,28.778,72.68,44,7.0,522.49911,8.67,11.34,345.125,0.00258,0.00104,1.645,0.98651,2.62057,2.26072
29,3,C,33.009,77.85,44,7.0,565.73625,8.67,11.34,345.125,0.00296,0.00119,1.645,0.98651,2.667,2.31289
29,4,C,14.349,70.719,44,7.0,479.7297,8.67,11.34,345.125,0.00129,0.00052,1.645,0.98651,2.37381,1.98016
29,5,C,20.647,67.285,44,7.0,469.13598,8.67,11.34,345.125,0.00185,0.00075,1.645,0.98651,2.50528,2.13039
29,6,C,13.26,82.541,44,7.0,555.32719,8.67,11.34,345.125,0.00119,0.00048,1.645,0.98651,2.34452,1.94644
29,7,C,10.688,50.614,44,7.0,343.97038,8.67,11.34,345.125,0.00096,0.00039,1.645,0.98651,2.26299,1.85205
29,8,C,29.501,63.659,44,7.0,470.05717,8.67,11.34,345.125,0.00265,0.00107,1.645,0.98651,2.62902,2.27023
30,1,B,34.154,79.208,46,8.0,602.70678,12.6,15.61,1125.58824,0.00307,0.0017,1.645,1.34981,2.10769,1.81854
30,2,B,32.924,65.307,46,8.0,515.33052,12.6,15.61,1125.58824,0.00296,0.00164,1.645,1.34981,2.09279,1.80192
30,3,B,28.662,87.402,46,8.0,635.59083,12.6,15.61,1125.58824,0.00257,0.00143,1.645,1.34981,2.03575,1.73807
30,4,B,17.529,43.047,46,8.0,323.89049,12.6,15.61,1125.58824,0.00157,0.00087,1.645,1.34981,1.82297,1.49696
30,5,B,19.987,85.247,46,8.0,599.87588,12.6,15.61,1125.58824,0.0018,0.00099,1.645,1.34981,1.88148,1.56375
30,6,B,10.855,62.037,46,8.0,429.62344,12.6,15.61,1125.58824,0.00097,0.00054,1.645,1.34981,1.59682,1.23444
30,7,B,31.979,68.894,46,8.0,532.71347,12.6,15.61,1125.58824,0.00287,0.00159,1.645,1.34981,2.08091,1.78864
30,8,B,11.412,49.704,46,8.0,349.25262,12.6,15.61,1125.58824,0.00102,0.00057,1.645,1.34981,1.62145,1.2634
31,1,B,15.839,54.87,46,8.0,393.12709,16.14,22.81,2599.86842,0.00142,0.00115,1.645,1.34981,1.21683,1.03391
31,2,B,26.777,75.893,46,8.0,557.52747,16.14,22.81,2599.86842,0.0024,0.00195,1.645,1.34981,1.50508,1.34647
31,3,B,16.365,75.914,46,8.0,531.25801,16.14,22.81,2599.86842,0.00147,0.00119,1.645,1.34981,1.23594,1.05484
31,4,B,15.11,73.046,46,8.0,509.95589,16.14,22.81,2599.86842,0.00136,0.0011,1.645,1.34981,1.18895,1.00331
31,5,B,19.744,67.356,46,8.0,483.36637,16.14,22.81,2599.86842,0.00177,0.00144,1.645,1.34981,1.34251,1.17097
31,6,B,39.992,62.458,46,8.0,530.8532,16.14,22.81,2599.86842,0.00359,0.00291,1.645,1.34981,1.70291,1.55779
31,7,B,20.538,59.476,46,8.0,435.56395,16.14,22.81,2599.86842,0.00184,0.00149,1.645,1.34981,1.36423,1.19453
31,8,B,16.716,73.942,46,8.0,519.02261,16.14,22.81,2599.86842,0.0015,0.00122,1.645,1.34981,1.24827,1.06832
32,1,B,21.562,56.753,44,7.0,405.58699,13.78,17.2,753.91071,0.00194,0.00118,1.645,1.34981,2.0468,1.79509
32,2,B,40.873,69.921,44,7.0,544.95242,13.78,17.2,753.91071,0.00367,0.00224,1.645,1.34981,2.29981,2.07141
32,3,B,29.037,73.828,44,7.0,530.22586,13.78,17.2,753.91071,0.00261,0.00159,1.645,1.34981,2.16738,1.92732
32,4,B,15.409,65.999,44,7.0,450.87983,13.78,17.2,753.91071,0.00138,0.00084,1.645,1.34981,1.90392,1.63693
32,5,B,11.085,55.171,44,7.0,374.0988,13.78,17.2,753.91071,0.001,0.00061,1.645,1.34981,1.75579,1.47098
32,6,B,33.643,87.559,44,7.0,626.72975,13.78,17.2,753.91071,0.00302,0.00184,1.645,1.34981,2.22516,1.99032
32,7,B,20.027,76.925,44,7.0,529.17011,13.78,17.2,753.91071,0.0018,0.0011,1.645,1.34981,2.01604,1.76118
32,8,B,15.655,60.367,44,7.0,415.15366,13.78,17.2,753.91071,0.00141,0.00086,1.645,1.34981,1.91083,1.64462
33,1,A,16.994,52.366,43,8.0,369.32027,21.35,25.46,290.0,0.00153,0.00138,1.645,1.7587,2.16017,2.08458
33,2,A,15.81,61.569,43,8.0,423.08284,21.35,25.46,290.0,0.00142,0.00128,1.645,1.7587,2.13132,2.05492
33,3,A,30.385,70.876,43,8.0,524.49443,21.35,25.46,290.0,0.00273,0.00247,1.645,1.7587,2.38233,2.31243
33,4,A,25.683,67.049,43,8.0,485.30907,21.35,25.46,290.0,0.00231,0.00208,1.645,1.7587,2.31978,2.24835
33,5,A,10.291,82.99,43,8.0,550.39397,21.35,25.46,290.0,0.00092,0.00084,1.645,1.7587,1.95321,1.87149
33,6,A,55.431,78.305,43,8.0,678.46007,21.35,25.46,290.0,0.00498,0.0045,1.645,1.7587,2.59605,2.53092
33,7,A,23.951,57.904,43,8.0,425.30833,21.35,25.46,290.0,0.00215,0.00194,1.645,1.7587,2.2934,2.22132
33,8,A,25.042,65.645,43,8.0,474.7978,21.35,25.46,290.0,0.00225,0.00203,1.645,1.7587,2.31026,2.2386
34,1,C,29.957,56.055,44,7.0,426.8827,11.48,13.95,1498.3913,0.00269,0.00133,1.645,0.98651,1.97315,1.61303
34,2,C,24.607,65.851,44,7.0,469.54159,11.48,13.95,1498.3913,0.00221,0.00109,1.645,0.98651,1.88806,1.51432
34,3,C,21.296,59.922,44,7.0,424.51253,11.48,13.95,1498.3913,0.00191,0.00095,1.645,0.98651,1.82372,1.43901
34,4,C,24.244,84.298,44,7.0,584.35565,11.48,13.95,1498.3913,0.00218,0.00108,1.645,0.98651,1.88152,1.50669
34,5,C,23.242,65.039,44,7.0,461.07753,11.48,13.95,1498.3913,0.00209,0.00103,1.645,0.98651,1.86284,1.48488
34,6,C,24.902,61.422,44,7.0,443.15065,11.48,13.95,1498.3913,0.00224,0.00111,1.645,0.98651,1.89329,1.52042
34,7,C,18.048,60.893,44,7.0,423.21497,11.48,13.95,1498.3913,0.00162,0.0008,1.645,0.98651,1.74799,1.34952
34,8,C,23.538,63.421,44,7.0,451.80268,11.48,13.95,1498.3913,0.00211,0.00105,1.645,0.98651,1.86846,1.49144
35,1,A,27.025,77.276,36,6.0,491.19193,24.73,29.66,401.43478,0.00243,0.00256,1.645,1.7587,2.1569,2.14296
35,2,A,35.007,69.5,36,6.0,466.91181,24.73,29.66,401.43478,0.00314,0.00331,1.645,1.7587,2.25806,2.24461
35,3,A,26.557,70.498,36,6.0,452.00522,24.73,29.66,401.43478,0.00239,0.00251,1.645,1.7587,2.14994,2.13596
35,4,A,4.562,55.813,36,6.0,335.99479,24.73,29.66,401.43478,0.00041,0.00043,1.645,1.7587,1.32938,1.30982
35,5,A,14.451,45.771,36,6.0,287.98849,24.73,29.66,401.43478,0.0013,0.00137,1.645,1.7587,1.89571,1.88034
35,6,A,20.401,71.544,36,6.0,446.37519,24.73,29.66,401.43478,0.00183,0.00193,1.645,1.7587,2.04269,2.02816
35,7,A,11.44,60.56,36,6.0,369.78634,24.73,29.66,401.43478,0.00103,0.00108,1.645,1.7587,1.79118,1.77517
35,8,A,28.317,69.987,36,6.0,452.99136,24.73,29.66,401.43478,0.00254,0.00268,1.645,1.7587,2.17542,2.16157
36,1,B,41.932,68.0,17,3.0,307.29893,16.29,21.69,535.36538,0.00377,0.0029,1.645,1.34981,2.37479,2.24349
36,2,B,11.942,81.858,17,3.0,339.40529,16.29,21.69,535.36538,0.00107,0.00083,1.645,1.34981,1.86877,1.70977
36,3,B,18.281,60.961,17,3.0,257.26231,16.29,21.69,535.36538,0.00164,0.00126,1.645,1.34981,2.0509,1.90305
36,4,B,17.603,65.349,17,3.0,274.56721,16.29,21.69,535.36538,0.00158,0.00122,1.645,1.34981,2.03523,1.88648
36,5,B,37.467,66.593,17,3.0,296.68612,16.29,21.69,535.36538,0.00336,0.00259,1.645,1.34981,2.33293,2.1997
36,6,B,29.176,98.431,17,3.0,415.17274,16.29,21.69,535.36538,0.00262,0.00202,1.645,1.34981,2.23777,2.09992
36,7,B,17.41,56.871,17,3.0,240.23167,16.29,21.69,535.36538,0.00156,0.0012,1.645,1.34981,2.03064,1.88162
36,8,B,15.856,64.673,17,3.0,270.86318,16.29,21.69,535.36538,0.00142,0.0011,1.645,1.34981,1.99141,1.84008
37,1,C,30.161,64.036,33,5.0,397.57044,5.89,8.13,1545.35294,0.00271,0.00078,1.645,0.98651,2.23407,1.66328
37,2,C,8.729,58.753,33,5.0,340.32056,5.89,8.13,1545.35294,0.00078,0.00023,1.645,0.98651,1.70585,0.96891
37,3,C,23.459,68.264,33,5.0,409.31314,5.89,8.13,1545.35294,0.00211,0.00061,1.645,0.98651,2.13504,1.5392
37,4,C,28.204,84.587,33,5.0,505.96476,5.89,8.13,1545.35294,0.00253,0.00073,1.645,0.98651,2.20797,1.63079
37,5,C,15.389,81.087,33,5.0,472.12168,5.89,8.13,1545.35294,0.00138,0.0004,1.645,0.98651,1.96052,1.31457
37,6,C,27.59,62.678,33,5.0,385.57976,5.89,8.13,1545.35294,0.00248,0.00072,1.645,0.98651,2.19935,1.62003
37,7,C,21.129,75.261,33,5.0,445.06187,5.89,8.13,1545.35294,0.0019,0.00055,1.645,0.98651,2.09277,1.48553
37,8,C,40.201,65.077,33,5.0,424.45086,5.89,8.13,1545.35294,0.00361,0.00104,1.645,0.98651,2.34327,1.79775
38,1,A,22.375,61.694,25,4.0,321.19152,24.66,33.11,2774.94444,0.00201,0.00236,1.645,1.7587,1.13065,1.17618
38,2,A,18.89,59.66,25,4.0,307.72098,24.66,33.11,2774.94444,0.0017,0.00199,1.645,1.7587,1.02399,1.07201
38,3,A,28.755,52.946,25,4.0,288.63744,24.66,33.11,2774.94444,0.00258,0.00304,1.645,1.7587,1.27895,1.32137
38,4,A,13.908,50.633,25,4.0,259.20539,24.66,33.11,2774.94444,0.00125,0.00147,1.645,1.7587,0.8416,0.86809
38,5,A,32.64,63.08,25,4.0,341.35476,24.66,33.11,2774.94444,0.00293,0.00345,1.645,1.7587,1.35005,1.3911
38,6,A,25.227,82.821,25,4.0,426.22221,24.66,33.11,2774.94444,0.00227,0.00266,1.645,1.7587,1.20291,1.24687
38,7,A,29.371,63.913,25,4.0,340.47655,24.66,33.11,2774.94444,0.00264,0.0031,1.645,1.7587,1.29101,1.33319
38,8,A,16.972,61.565,25,4.0,315.22216,24.66,33.11,2774.94444,0.00152,0.00179,1.645,1.7587,0.95337,1.00318
39,1,C,38.546,64.701,34,6.0,442.51559,10.99,14.67,3802.77778,0.00346,0.0018,1.645,0.98651,1.68735,1.30571
39,2,C,16.241,67.56,34,6.0,405.81245,10.99,14.67,3802.77778,0.00146,0.00076,1.645,0.98651,1.23387,0.8416
39,3,C,27.858,69.682,34,6.0,439.34976,10.99,14.67,3802.77778,0.0025,0.0013,1.645,0.98651,1.52742,1.11423
39,4,C,18.799,59.355,34,6.0,364.01241,10.99,14.67,3802.77778,0.00169,0.00088,1.645,0.98651,1.31744,0.85425
39,5,C,20.77,65.796,34,6.0,403.38568,10.99,14.67,3802.77778,0.00187,0.00097,1.645,0.98651,1.37259,0.92363
39,6,C,15.008,65.241,34,6.0,390.92945,10.99,14.67,3802.77778,0.00135,0.0007,1.645,0.98651,1.18732,0.8416
39,7,C,23.792,60.658,34,6.0,381.41512,10.99,14.67,3802.77778,0.00214,0.00111,1.645,0.98651,1.44556,1.01417
39,8,C,15.444,56.94,34,6.0,344.70303,10.99,14.67,3802.77778,0.00139,0.00072,1.645,0.98651,1.20433,0.8416
40,1,A,17.72,65.545,41,7.0,437.63906,37.63,45.65,628.14286,0.00159,0.00258,1.645,1.7587,1.58654,1.77576
40,2,A,31.569,72.079,41,7.0,511.7071,37.63,45.65,628.14286,0.00284,0.00459,1.645,1.7587,1.85769,2.02828
40,3,A,12.699,78.131,41,7.0,508.11863,37.63,45.65,628.14286,0.00114,0.00185,1.645,1.7587,1.41474,1.61768
40,4,A,15.972,49.915,41,7.0,338.60291,37.63,45.65,628.14286,0.00143,0.00232,1.645,1.7587,1.53435,1.72757
40,5,A,24.333,83.688,41,7.0,562.28426,37.63,45.65,628.14286,0.00219,0.00354,1.645,1.7587,1.73913,1.91746
40,6,A,8.697,49.124,41,7.0,320.38432,37.63,45.65,628.14286,0.00078,0.00127,1.645,1.7587,1.20176,1.42421
40,7,A,24.253,71.54,41,7.0,488.52741,37.63,45.65,628.14286,0.00218,0.00353,1.645,1.7587,1.7376,1.91603
40,8,A,37.551,86.462,41,7.0,612.85935,37.63,45.65,628.14286,0.00337,0.00547,1.645,1.7587,1.93375,2.09969
41,1,A,7.737,77.714,45,8.0,524.98293,22.8,30.71,825.02,0.00069,0.00076,1.645,1.7587,1.26671,1.26662
41,2,A,18.753,63.884,45,8.0,454.04807,22.8,30.71,825.02,0.00168,0.00184,1.645,1.7587,1.72413,1.72406
41,3,A,56.831,70.13,45,8.0,654.23586,22.8,30.71,825.02,0.0051,0.00556,1.645,1.7587,2.19807,2.19801
41,4,A,28.332,64.653,45,8.0,489.36021,22.8,30.71,825.02,0.00254,0.00277,1.645,1.7587,1.91062,1.91056
41,5,A,9.659,43.322,45,8.0,300.71044,22.8,30.71,825.02,0.00087,0.00095,1.645,1.7587,1.39037,1.39029
41,6,A,16.552,57.156,45,8.0,405.63576,22.8,30.71,825.02,0.00149,0.00162,1.645,1.7587,1.66483,1.66476
41,7,A,19.205,61.324,45,8.0,439.12838,22.8,30.71,825.02,0.00172,0.00188,1.645,1.7587,1.73528,1.73521
41,8,A,26.204,80.05,45,8.0,576.45962,22.8,30.71,825.02,0.00235,0.00257,1.645,1.7587,1.87637,1.8763
42,1,A,18.157,70.878,34,6.0,427.40361,23.32,30.48,560.7069,0.00163,0.00176,1.645,1.7587,1.87495,1.87156
42,2,A,7.465,55.213,34,6.0,325.04508,23.32,30.48,560.7069,0.00067,0.00073,1.645,1.7587,1.44706,1.443
42,3,A,15.259,58.429,34,6.0,352.78374,23.32,30.48,560.7069,0.00137,0.00148,1.645,1.7587,1.79693,1.79344
42,4,A,35.228,76.226,34,6.0,492.16881,23.32,30.48,560.7069,0.00316,0.00342,1.645,1.7587,2.15277,2.14971
42,5,A,19.699,46.397,34,6.0,295.23041,23.32,30.48,560.7069,0.00177,0.00191,1.645,1.7587,1.91072,1.90738
42,6,A,21.172,61.976,34,6.0,383.05609,23.32,30.48,560.7069,0.0019,0.00206,1.645,1.7587,1.94197,1.93866
42,7,A,22.14,78.388,34,6.0,475.98901,23.32,30.48,560.7069,0.00199,0.00215,1.645,1.7587,1.96115,1.95787
42,8,A,46.481,81.862,34,6.0,552.83321,23.32,30.48,560.7069,0.00417,0.00452,1.645,1.7587,2.26115,2.2582
43,1,A,22.635,58.11,16,3.0,242.15582,36.15,50.47,749.41667,0.00203,0.00364,1.645,1.7587,1.63979,1.86992
43,2,A,36.766,73.899,16,3.0,315.50379,36.15,50.47,749.41667,0.0033,0.00592,1.645,1.7587,1.86479,2.07637
43,3,A,17.81,50.912,16,3.0,210.54043,36.15,50.47,749.41667,0.0016,0.00287,1.645,1.7587,1.52035,1.76149
43,4,A,14.686,63.796,16,3.0,258.95942,36.15,50.47,749.41667,0.00132,0.00236,1.645,1.7587,1.41954,1.6707
43,5,A,29.364,73.128,16,3.0,305.4889,36.15,50.47,749.41667,0.00264,0.00472,1.645,1.7587,1.76305,1.98268
43,6,A,29.0,60.301,16,3.0,256.41445,36.15,50.47,749.41667,0.0026,0.00467,1.645,1.7587,1.75728,1.97739
43,7,A,9.53,56.393,16,3.0,227.37659,36.15,50.47,749.41667,0.00086,0.00153,1.645,1.7587,1.17498,1.45359
43,8,A,24.957,88.031,16,3.0,359.9958,36.15,50.47,749.41667,0.00224,0.00402,1.645,1.7587,1.68677,1.9128
44,1,B,19.599,70.711,34,6.0,428.75389,15.6,21.13,2108.05357,0.00176,0.00132,1.645,1.34981,1.46963,1.26487
44,2,B,39.647,71.996,34,6.0,482.51867,15.6,21.13,2108.05357,0.00356,0.00267,1.645,1.34981,1.81173,1.63622
44,3,B,28.066,66.518,34,6.0,422.84172,15.6,21.13,2108.05357,0.00252,0.00189,1.645,1.34981,1.65009,1.4618
44,4,B,24.129,58.325,34,6.0,369.62265,15.6,21.13,2108.05357,0.00217,0.00163,1.645,1.34981,1.57583,1.38106
44,5,B,16.261,68.041,34,6.0,408.56427,15.6,21.13,2108.05357,0.00146,0.0011,1.645,1.34981,1.36983,1.15476
44,6,B,8.33,67.269,34,6.0,395.41374,15.6,21.13,2108.05357,0.00075,0.00056,1.645,1.34981,0.96748,0.8416
44,7,B,31.515,66.673,34,6.0,432.31337,15.6,21.13,2108.05357,0.00283,0.00212,1.645,1.34981,1.70552,1.5218
44,8,B,23.173,70.346,34,6.0,433.10806,15.6,21.13,2108.05357,0.00208,0.00156,1.645,1.34981,1.55556,1.35896
45,1,A,22.018,70.021,34,6.0,429.12993,35.79,49.54,968.54545,0.00198,0.00348,1.645,1.7587,1.5027,1.73688
45,2,A,11.165,69.961,34,6.0,413.40304,35.79,49.54,968.54545,0.001,0.00176,1.645,1.7587,1.12139,1.39667
45,3,A,43.341,72.404,34,6.0,495.8462,35.79,49.54,968.54545,0.00389,0.00685,1.645,1.7587,1.82817,2.03486
45,4,A,6.314,73.946,34,6.0,432.83665,35.79,49.54,968.54545,0.00057,0.001,1.645,1.7587,0.8416,1.0639
45,5,A,20.81,67.194,34,6.0,411.21912,35.79,49.54,968.54545,0.00187,0.00329,1.645,1.7587,1.47344,1.7104
45,6,A,27.287,61.453,34,6.0,393.96055,35.79,49.54,968.54545,0.00245,0.00431,1.645,1.7587,1.61067,1.83507
45,7,A,29.303,68.983,34,6.0,438.98316,35.79,49.54,968.54545,0.00263,0.00463,1.645,1.7587,1.64547,1.86686
45,8,A,13.544,70.719,34,6.0,420.2902,35.79,49.54,968.54545,0.00122,0.00214,1.645,1.7587,1.23702,1.49863
46,1,A,35.985,59.399,45,8.0,491.57476,25.24,29.84,3930.42373,0.00323,0.00342,1.645,1.7587,1.19331,1.17606
46,2,A,18.173,67.496,45,8.0,475.54543,25.24,29.84,3930.42373,0.00163,0.00173,1.645,1.7587,0.8416,0.8416
46,3,A,23.856,63.02,45,8.0,463.83335,25.24,29.84,3930.42373,0.00214,0.00227,1.645,1.7587,0.93249,0.91275
46,4,A,5.989,64.288,45,8.0,433.91033,25.24,29.84,3930.42373,0.00054,0.00057,1.645,1.7587,0.8416,0.8416
46,5,A,39.006,74.969,45,8.0,591.85281,25.24,29.84,3930.42373,0.0035,0.00371,1.645,1.7587,1.24069,1.22383
46,6,A,6.093,51.028,45,8.0,345.75936,25.24,29.84,3930.42373,0.00055,0.00058,1.645,1.7587,0.8416,0.8416
46,7,A,31.343,92.141,45,8.0,667.02393,25.24,29.84,3930.42373,0.00281,0.00298,1.645,1.7587,1.10949,1.0915
46,8,A,30.507,73.285,45,8.0,548.85739,25.24,29.84,3930.42373,0.00274,0.0029,1.645,1.7587,1.09267,1.07452
47,1,C,26.164,64.963,42,7.0,459.12006,2.69,3.28,1168.8,0.00235,0.00027,1.645,0.98651,2.57084,1.66958
47,2,C,22.357,63.226,42,7.0,438.62065,2.69,3.28,1168.8,0.00201,0.00023,1.645,0.98651,2.5159,1.59291
47,3,C,6.878,52.917,42,7.0,346.30451,2.69,3.28,1168.8,0.00062,7e-05,1.645,0.98651,2.0685,0.91271
47,4,C,29.927,79.62,42,7.0,556.90045,2.69,3.28,1168.8,0.00269,0.00031,1.645,0.98651,2.61704,1.73321
47,5,C,12.446,52.025,42,7.0,348.23479,2.69,3.28,1168.8,0.00112,0.00013,1.645,0.98651,2.30214,1.28236
47,6,C,30.994,77.601,42,7.0,547.71454,2.69,3.28,1168.8,0.00278,0.00032,1.645,0.98651,2.62897,1.74954
47,7,C,45.02,70.511,42,7.0,555.09357,2.69,3.28,1168.8,0.00404,0.00047,1.645,0.98651,2.7535,1.9172
47,8,C,20.336,73.236,42,7.0,495.51144,2.69,3.28,1168.8,0.00183,0.00021,1.645,0.98651,2.48232,1.54548
48,1,A,28.539,56.413,33,6.0,366.5258,26.95,33.25,772.83929,0.00256,0.00303,1.645,1.7587,1.86906,1.90395
48,2,A,11.962,73.616,33,6.0,428.93896,26.95,33.25,772.83929,0.00107,0.00127,1.645,1.7587,1.4502,1.49164
48,3,A,38.343,102.29,33,6.0,631.04179,26.95,33.25,772.83929,0.00344,0.00406,1.645,1.7587,1.99667,2.02993
48,4,A,36.981,77.913,33,6.0,499.55758,26.95,33.25,772.83929,0.00332,0.00392,1.645,1.7587,1.98137,2.01482
48,5,A,28.178,62.142,33,6.0,394.99078,26.95,33.25,772.83929,0.00253,0.00299,1.645,1.7587,1.86341,1.89838
48,6,A,19.476,65.264,33,6.0,392.70241,26.95,33.25,772.83929,0.00175,0.00206,1.645,1.7587,1.69389,1.73128
48,7,A,15.678,103.714,33,6.0,603.17194,26.95,33.25,772.83929,0.00141,0.00166,1.645,1.7587,1.58856,1.62761
48,8,A,20.672,63.627,33,6.0,385.98054,26.95,33.25,772.83929,0.00186,0.00219,1.645,1.7587,1.72203,1.759
49,1,B,28.561,92.87,47,8.0,676.44224,14.7,19.98,581.38,0.00257,0.00182,1.645,1.34981,2.23736,2.06592
49,2,B,22.883,88.245,47,8.0,632.06795,14.7,19.98,581.38,0.00206,0.00146,1.645,1.34981,2.1503,1.97321
49,3,B,18.554,55.198,47,8.0,406.48808,14.7,19.98,581.38,0.00167,0.00118,1.645,1.34981,2.06537,1.8824
49,4,B,9.924,60.269,47,8.0,420.74179,14.7,19.98,581.38,0.00089,0.00063,1.645,1.34981,1.79467,1.59029
49,5,B,21.557,68.203,47,8.0,498.36591,14.7,19.98,581.38,0.00194,0.00137,1.645,1.34981,2.12639,1.94768
49,6,B,28.166,84.096,47,8.0,619.00174,14.7,19.98,581.38,0.00253,0.00179,1.645,1.34981,2.23197,2.06019
49,7,B,16.687,61.375,47,8.0,441.43521,14.7,19.98,581.38,0.0015,0.00106,1.645,1.34981,2.02139,1.83524
49,8,B,20.534,62.369,47,8.0,458.05046,14.7,19.98,581.38,0.00184,0.00131,1.645,1.34981,2.10676,1.9267
50,1,A,10.276,53.578,34,6.0,318.4367,22.85,29.75,1069.32558,0.00092,0.00097,1.645,1.7587,1.27943,1.26114
50,2,A,45.25,90.74,34,6.0,594.69292,22.85,29.75,1069.32558,0.00406,0.00429,1.645,1.7587,1.99918,1.9857
50,3,A,17.304,64.384,34,6.0,389.51201,22.85,29.75,1069.32558,0.00155,0.00164,1.645,1.7587,1.55808,1.54198
50,4,A,36.113,79.552,34,6.0,511.97564,22.85,29.75,1069.32558,0.00324,0.00343,1.645,1.7587,1.90237,1.88838
50,5,A,18.28,69.462,34,6.0,419.61728,22.85,29.75,1069.32558,0.00164,0.00173,1.645,1.7587,1.58552,1.5696
50,6,A,33.291,59.14,34,6.0,398.51576,22.85,29.75,1069.32558,0.00299,0.00316,1.645,1.7587,1.86655,1.85236
50,7,A,3.669,72.875,34,6.0,425.50047,22.85,29.75,1069.32558,0.00033,0.00035,1.645,1.7587,0.8416,0.8416
50,8,A,33.613,72.012,34,6.0,465.82054,22.85,29.75,1069.32558,0.00302,0.00319,1.645,1.7587,1.87081,1.85665
51,1,A,5.674,66.339,29,6.0,358.8649,24.62,34.84,1542.86538,0.00051,0.00063,1.645,1.7587,0.8416,0.8416
51,2,A,30.85,106.892,29,6.0,604.65949,24.62,34.84,1542.86538,0.00277,0.00343,1.645,1.7587,1.62598,1.68679
51,3,A,16.731,81.619,29,6.0,450.84978,24.62,34.84,1542.86538,0.0015,0.00186,1.645,1.7587,1.30563,1.37548
51,4,A,14.429,60.308,29,6.0,336.10958,24.62,34.84,1542.86538,0.0013,0.0016,1.645,1.7587,1.22055,1.2932
51,5,A,37.433,74.61,29,6.0,460.30118,24.62,34.84,1542.86538,0.00336,0.00416,1.645,1.7587,1.71868,1.77725
51,6,A,10.011,56.442,29,6.0,309.8277,24.62,34.84,1542.86538,0.0009,0.00111,1.645,1.7587,0.99375,1.07492
51,7,A,29.513,64.857,29,6.0,391.59048,24.62,34.84,1542.86538,0.00265,0.00328,1.645,1.7587,1.60423,1.66558
51,8,A,24.114,64.801,29,6.0,377.76895,24.62,34.84,1542.86538,0.00217,0.00268,1.645,1.7587,1.50241,1.56645
52,1,A,19.804,62.985,17,3.0,266.40319,32.31,42.02,154.84615,0.00178,0.00265,1.645,1.7587,2.30212,2.41837
52,2,A,27.082,75.213,17,3.0,320.57734,32.31,42.02,154.84615,0.00243,0.00363,1.645,1.7587,2.41822,2.53018
52,3,A,39.067,79.212,17,3.0,346.99174,32.31,42.02,154.84615,0.00351,0.00523,1.645,1.7587,2.54872,2.65618
52,4,A,18.173,77.008,17,3.0,322.15876,32.31,42.02,154.84615,0.00163,0.00243,1.645,1.7587,2.26942,2.38694
52,5,A,13.564,66.336,17,3.0,276.52078,32.31,42.02,154.84615,0.00122,0.00182,1.645,1.7587,2.15527,2.2774
52,6,A,19.934,64.4,17,3.0,272.17898,32.31,42.02,154.84615,0.00179,0.00267,1.645,1.7587,2.30459,2.42075
52,7,A,26.242,67.087,17,3.0,287.59189,32.31,42.02,154.84615,0.00236,0.00352,1.645,1.7587,2.40673,2.5191
52,8,A,33.521,75.719,17,3.0,327.99414,32.31,42.02,154.84615,0.00301,0.00449,1.645,1.7587,2.49486,2.60414
53,1,A,24.207,50.944,43,8.0,386.13491,21.22,27.95,1625.27586,0.00217,0.00216,1.645,1.7587,1.55358,1.50555
53,2,A,7.271,45.335,43,8.0,302.91879,21.22,27.95,1625.27586,0.00065,0.00065,1.645,1.7587,0.8416,0.8416
53,3,A,20.077,68.279,43,8.0,475.67262,21.22,27.95,1625.27586,0.0018,0.00179,1.645,1.7587,1.45732,1.40718
53,4,A,42.626,88.057,43,8.0,670.60418,21.22,27.95,1625.27586,0.00383,0.0038,1.645,1.7587,1.82297,1.78006
53,5,A,34.336,67.961,43,8.0,523.50501,21.22,27.95,1625.27586,0.00308,0.00306,1.645,1.7587,1.72349,1.67881
53,6,A,11.066,70.539,43,8.0,470.95061,21.22,27.95,1625.27586,0.00099,0.00099,1.645,1.7587,1.11904,1.05999
53,7,A,17.422,64.108,43,8.0,442.88667,21.22,27.95,1625.27586,0.00156,0.00155,1.645,1.7587,1.38149,1.32957
53,8,A,23.045,68.331,43,8.0,484.52142,21.22,27.95,1625.27586,0.00207,0.00205,1.645,1.7587,1.52866,1.4801
54,1,A,37.368,74.19,32,6.0,475.81743,37.77,53.22,1376.7551,0.00336,0.00634,1.645,1.7587,1.56542,1.82631
54,2,A,12.665,82.528,32,6.0,472.99297,37.77,53.22,1376.7551,0.00114,0.00215,1.645,1.7587,0.94113,1.2814
54,3,A,32.726,73.271,32,6.0,458.64163,37.77,53.22,1376.7551,0.00294,0.00555,1.645,1.7587,1.49794,1.76585
54,4,A,49.409,88.574,32,6.0,582.18235,37.77,53.22,1376.7551,0.00444,0.00838,1.645,1.7587,1.70148,1.94913
54,5,A,9.459,51.379,32,6.0,296.13286,37.77,53.22,1376.7551,0.00085,0.0016,1.645,1.7587,0.8416,1.10801
54,6,A,23.642,61.829,32,6.0,377.42867,37.77,53.22,1376.7551,0.00212,0.00401,1.645,1.7587,1.32343,1.61105
54,7,A,7.956,59.638,32,6.0,340.72399,37.77,53.22,1376.7551,0.00071,0.00135,1.645,1.7587,0.8416,0.99762
54,8,A,30.159,78.977,32,6.0,482.01668,37.77,53.22,1376.7551,0.00271,0.00512,1.645,1.7587,1.45537,1.72787
55,1,C,31.385,76.365,41,7.0,536.0616,3.08,4.32,526.375,0.00282,0.00043,1.645,0.98651,2.85078,2.15698
55,2,C,13.857,48.351,41,7.0,324.43704,3.08,4.32,526.375,0.00124,0.00019,1.645,0.98651,2.58008,1.81043
55,3,C,33.435,68.893,41,7.0,499.37273,3.08,4.32,526.375,0.003,0.00046,1.645,0.98651,2.87085,2.18205
55,4,C,22.893,89.336,41,7.0,594.0523,3.08,4.32,526.375,0.00206,0.00032,1.645,0.98651,2.74894,2.0285
55,5,C,4.636,64.041,41,7.0,411.34459,3.08,4.32,526.375,0.00042,6e-05,1.645,0.98651,2.17641,1.2538
55,6,C,32.594,80.364,41,7.0,562.89372,3.08,4.32,526.375,0.00293,0.00045,1.645,0.98651,2.86278,2.17198
55,7,C,34.688,82.509,41,7.0,581.44368,3.08,4.32,526.375,0.00312,0.00048,1.645,0.98651,2.88246,2.19652
55,8,C,25.624,70.764,41,7.0,487.32142,3.08,4.32,526.375,0.0023,0.00035,1.645,0.98651,2.78567,2.07509
56,1,A,22.889,80.589,36,6.0,502.65869,38.64,53.51,3603.6,0.00206,0.0039,1.645,1.7587,0.8416,1.04764
56,2,A,27.789,76.954,36,6.0,490.90659,38.64,53.51,3603.6,0.0025,0.00474,1.645,1.7587,0.8416,1.16796
56,3,A,15.67,56.258,36,6.0,350.39751,38.64,53.51,3603.6,0.00141,0.00267,1.645,1.7587,0.8416,0.8416
56,4,A,7.785,50.795,36,6.0,308.32868,38.64,53.51,3603.6,0.0007,0.00133,1.645,1.7587,0.8416,0.8416
56,5,A,15.175,77.396,36,6.0,473.21789,38.64,53.51,3603.6,0.00136,0.00259,1.645,1.7587,0.8416,0.8416
56,6,A,23.051,77.064,36,6.0,482.62564,38.64,53.51,3603.6,0.00207,0.00393,1.645,1.7587,0.8416,1.05214
56,7,A,46.612,77.391,36,6.0,542.06424,38.64,53.51,3603.6,0.00419,0.00795,1.645,1.7587,1.14501,1.45827
56,8,A,16.372,73.294,36,6.0,450.60171,38.64,53.51,3603.6,0.00147,0.00279,1.645,1.7587,0.8416,0.8416
57,1,B,9.021,82.694,33,6.0,478.11447,12.57,16.3,1390.22,0.00081,0.00047,1.645,1.34981,1.39324,1.01905
57,2,B,19.856,85.304,33,6.0,504.30831,12.57,16.3,1390.22,0.00178,0.00103,1.645,1.34981,1.78475,1.47575
57,3,B,16.523,72.139,33,6.0,426.10035,12.57,16.3,1390.22,0.00148,0.00086,1.645,1.34981,1.69915,1.37784
57,4,B,26.187,71.106,33,6.0,437.64987,12.57,16.3,1390.22,0.00235,0.00136,1.645,1.34981,1.9084,1.61569
57,5,B,19.222,58.912,33,6.0,357.53609,12.57,16.3,1390.22,0.00173,0.001,1.645,1.34981,1.76984,1.45877
57,6,B,18.734,65.278,33,6.0,391.47775,12.57,16.3,1390.22,0.00168,0.00097,1.645,1.34981,1.75797,1.44522
57,7,B,24.885,77.925,33,6.0,471.88935,12.57,16.3,1390.22,0.00223,0.00129,1.645,1.34981,1.88606,1.59053
57,8,B,37.696,67.104,33,6.0,446.93716,12.57,16.3,1390.22,0.00339,0.00196,1.645,1.34981,2.06273,1.78816
58,1,A,25.233,78.042,46,8.0,566.4932,34.16,47.93,2869.75472,0.00227,0.00386,1.645,1.7587,0.97815,1.25305
58,2,A,23.114,66.492,46,8.0,487.40846,34.16,47.93,2869.75472,0.00208,0.00353,1.645,1.7587,0.91905,1.20176
58,3,A,36.601,99.545,46,8.0,735.90764,34.16,47.93,2869.75472,0.00329,0.00559,1.645,1.7587,1.2104,1.45776
58,4,A,12.287,73.722,46,8.0,509.57731,34.16,47.93,2869.75472,0.0011,0.00188,1.645,1.7587,0.8416,0.8416
58,5,A,22.954,78.293,46,8.0,561.86407,34.16,47.93,2869.75472,0.00206,0.00351,1.645,1.7587,0.91429,1.19764
58,6,A,11.669,47.285,46,8.0,334.01298,34.16,47.93,2869.75472,0.00105,0.00178,1.645,1.7587,0.8416,0.8416
58,7,A,48.066,77.183,46,8.0,649.53344,34.16,47.93,2869.75472,0.00432,0.00734,1.645,1.7587,1.36521,1.59666
58,8,A,26.036,71.215,46,8.0,526.00038,34.16,47.93,2869.75472,0.00234,0.00398,1.645,1.7587,0.99882,1.27106
59,1,A,25.798,65.68,44,8.0,482.08329,27.67,35.03,1695.69841,0.00232,0.00288,1.645,1.7587,1.4271,1.49607
59,2,A,16.251,58.589,44,8.0,409.80434,27.67,35.03,1695.69841,0.00146,0.00181,1.645,1.7587,1.16565,1.24338
59,3,A,36.127,54.537,44,8.0,463.03214,27.67,35.03,1695.69841,0.00324,0.00403,1.645,1.7587,1.59977,1.66386
59,4,A,14.934,65.184,44,8.0,448.58391,27.67,35.03,1695.69841,0.00134,0.00167,1.645,1.7587,1.11406,1.19375
59,5,A,36.901,71.933,44,8.0,561.08774,27.67,35.03,1695.69841,0.00331,0.00412,1.645,1.7587,1.61022,1.67403
59,6,A,36.239,73.346,44,8.0,566.35054,27.67,35.03,1695.69841,0.00325,0.00405,1.645,1.7587,1.6013,1.66534
59,7,A,16.281,54.874,44,8.0,386.59462,27.67,35.03,1695.69841,0.00146,0.00182,1.645,1.7587,1.16676,1.24445
59,8,A,9.753,47.66,44,8.0,325.62658,27.67,35.03,1695.69841,0.00088,0.00109,1.645,1.7587,0.8416,0.92277
60,1,B,10.882,57.092,44,8.0,388.5828,14.6,20.2,668.04348,0.00098,0.0007,1.645,1.34981,1.77638,1.57586
60,2,B,7.899,70.204,44,8.0,469.94861,14.6,20.2,668.04348,0.00071,0.00051,1.645,1.34981,1.6246,1.4101
60,3,B,19.887,78.031,44,8.0,541.49826,14.6,20.2,668.04348,0.00179,0.00128,1.645,1.34981,2.03944,1.85948
60,4,B,27.548,75.499,44,8.0,547.15031,14.6,20.2,668.04348,0.00247,0.00177,1.645,1.34981,2.17153,2.00046
60,5,B,30.72,80.795,44,8.0,589.59527,14.6,20.2,668.04348,0.00276,0.00198,1.645,1.34981,2.21435,2.04599
60,6,B,35.07,79.805,44,8.0,599.11834,14.6,20.2,668.04348,0.00315,0.00226,1.645,1.34981,2.26553,2.1003
60,7,B,32.808,58.993,44,8.0,471.18469,14.6,20.2,668.04348,0.00295,0.00211,1.645,1.34981,2.23988,2.07309
60,8,B,14.243,44.389,44,8.0,315.72156,14.6,20.2,668.04348,0.00128,0.00092,1.645,1.34981,1.89711,1.70654
